Player,Pos,Age,Tm,G,GS,MP,FG,FGA,FG%,3P,3PA,3P%,2P,2PA,2P%,eFG%,FT,FTA,FT%,ORB,DRB,TRB,AST,STL,BLK,TOV,PF,PTS,Salary_numerical,salary_log
Stephen Curry,PG,31.0,GSW,5.0,5.0,27.8,6.6,16.4,0.402,2.4,9.8,0.245,4.2,6.6,0.636,0.47600000000000003,5.2,5.2,1.0,0.8,4.4,5.2,6.6,1.0,0.4,3.2,2.2,20.8,43006362.0,17.57685861620217
Russell Westbrook,PG,31.0,HOU,57.0,57.0,35.9,10.6,22.5,0.47200000000000003,1.0,3.7,0.258,9.6,18.7,0.514,0.493,5.1,6.7,0.763,1.8,6.2,7.9,7.0,1.6,0.4,4.5,3.5,27.2,41358814.0,17.537796112704953
Chris Paul,PG,34.0,OKC,70.0,70.0,31.5,6.2,12.7,0.489,1.6,4.3,0.365,4.6,8.3,0.5539999999999999,0.552,3.6,4.0,0.907,0.4,4.6,5.0,6.7,1.6,0.2,2.3,2.3,17.6,41358814.0,17.537796112704953
James Harden,SG,30.0,HOU,68.0,68.0,36.5,9.9,22.3,0.444,4.4,12.4,0.355,5.5,9.9,0.556,0.5429999999999999,10.2,11.8,0.865,1.0,5.5,6.6,7.5,1.8,0.9,4.5,3.3,34.3,40824000.0,17.524780701725945
LeBron James,PG,35.0,LAL,67.0,67.0,34.6,9.6,19.4,0.493,2.2,6.3,0.348,7.4,13.1,0.564,0.55,3.9,5.7,0.693,1.0,6.9,7.8,10.2,1.2,0.5,3.9,1.8,25.3,39219565.0,17.484686287391007
Blake Griffin,PF,30.0,DET,18.0,18.0,28.4,4.9,13.9,0.35200000000000004,1.5,6.2,0.243,3.4,7.7,0.439,0.406,4.2,5.4,0.7759999999999999,0.9,3.7,4.7,3.3,0.4,0.4,2.2,1.5,15.5,36595996.0,17.415449393479992
Paul George,SF,29.0,LAC,48.0,48.0,29.6,7.1,16.3,0.439,3.3,7.9,0.41200000000000003,3.9,8.4,0.46399999999999997,0.539,4.0,4.5,0.8759999999999999,0.5,5.2,5.7,3.9,1.4,0.4,2.6,2.4,21.5,35450412.0,17.383645432877696
Mike Conley,PG,32.0,UTA,47.0,41.0,29.0,4.9,12.1,0.409,2.0,5.4,0.375,2.9,6.6,0.43700000000000006,0.494,2.4,3.0,0.8270000000000001,0.7,2.5,3.2,4.4,0.8,0.1,2.0,2.2,14.4,34504132.0,17.356589642945902
Jimmy Butler,SF,30.0,MIA,58.0,58.0,33.8,5.9,13.1,0.455,0.5,2.1,0.244,5.4,11.0,0.495,0.474,7.6,9.1,0.8340000000000001,1.8,4.8,6.7,6.0,1.8,0.6,2.2,1.4,19.9,34379100.0,17.352959379565856
Kemba Walker,PG,29.0,BOS,56.0,56.0,31.1,6.8,15.9,0.425,3.2,8.4,0.381,3.5,7.4,0.47600000000000003,0.526,3.7,4.3,0.8640000000000001,0.6,3.2,3.9,4.8,0.9,0.5,2.1,1.6,20.4,34379100.0,17.352959379565856
Kawhi Leonard,SF,28.0,LAC,57.0,57.0,32.4,9.3,19.9,0.47,2.2,5.7,0.37799999999999995,7.2,14.2,0.506,0.524,6.2,7.1,0.8859999999999999,0.9,6.1,7.1,4.9,1.8,0.6,2.6,2.0,27.1,34379100.0,17.352959379565856
Tobias Harris,PF,27.0,PHI,72.0,72.0,34.3,7.7,16.3,0.47100000000000003,1.8,5.0,0.36700000000000005,5.9,11.3,0.517,0.527,2.4,3.0,0.8059999999999999,1.0,5.9,6.9,3.2,0.7,0.6,1.4,2.3,19.6,33517241.0,17.327570521121366
Kyrie Irving,PG,27.0,BRK,20.0,20.0,32.9,10.0,20.8,0.478,2.8,7.1,0.39399999999999996,7.2,13.7,0.522,0.546,4.7,5.1,0.922,1.1,4.1,5.2,6.4,1.4,0.5,2.6,2.7,27.4,33329100.0,17.32194144721907
Khris Middleton,SF,28.0,MIL,62.0,59.0,29.9,7.6,15.3,0.49700000000000005,2.4,5.7,0.415,5.2,9.6,0.546,0.575,3.4,3.7,0.9159999999999999,0.7,5.5,6.2,4.3,0.9,0.1,2.2,2.3,20.9,33051724.0,17.31358428629031
Anthony Davis,PF,26.0,LAL,62.0,62.0,34.4,8.9,17.7,0.503,1.2,3.5,0.33,7.7,14.2,0.546,0.536,7.2,8.5,0.846,2.3,7.0,9.3,3.2,1.5,2.3,2.5,2.5,26.1,32742000.0,17.304169215396424
Damian Lillard,PG,29.0,POR,66.0,66.0,37.5,9.5,20.4,0.46299999999999997,4.1,10.2,0.401,5.4,10.2,0.524,0.563,7.0,7.8,0.888,0.5,3.8,4.3,8.0,1.1,0.3,2.9,1.7,30.0,31626953.0,17.26952025804591
Kevin Love,PF,31.0,CLE,56.0,56.0,31.8,5.8,13.0,0.45,2.6,7.0,0.374,3.2,6.0,0.537,0.55,3.3,3.9,0.8540000000000001,1.0,8.8,9.8,3.2,0.6,0.3,2.5,1.6,17.6,31300000.0,17.25912865551038
Kyle Lowry,PG,33.0,TOR,58.0,58.0,36.2,5.8,13.8,0.41600000000000004,2.8,8.0,0.35200000000000004,2.9,5.8,0.504,0.518,5.1,5.9,0.857,0.6,4.5,5.0,7.5,1.4,0.4,3.1,3.3,19.4,30000000.0,17.216707939626428
Joel Embiid,C,25.0,PHI,51.0,51.0,29.5,7.5,15.7,0.47700000000000004,1.1,3.4,0.331,6.4,12.3,0.517,0.512,6.9,8.5,0.807,2.8,8.9,11.6,3.0,0.9,1.3,3.1,3.4,23.0,29542010.0,17.20132387608374
Andrew Wiggins,SF,24.0,TOT,54.0,54.0,34.4,8.1,18.1,0.447,2.1,6.2,0.332,6.0,11.9,0.506,0.504,3.5,5.0,0.7090000000000001,1.2,3.9,5.1,3.7,0.8,1.0,2.4,2.4,21.8,29542010.0,17.20132387608374
Andrew Wiggins,SF,24.0,MIN,42.0,42.0,34.6,8.4,18.8,0.444,2.2,6.5,0.331,6.2,12.3,0.505,0.502,3.5,4.9,0.72,1.1,4.1,5.2,3.7,0.7,0.9,2.5,2.4,22.4,29542010.0,17.20132387608374
Andrew Wiggins,SF,24.0,GSW,12.0,12.0,33.6,7.2,15.7,0.457,1.7,4.9,0.33899999999999997,5.5,10.8,0.512,0.511,3.4,5.1,0.672,1.5,3.1,4.6,3.6,1.3,1.4,2.1,2.2,19.4,29542010.0,17.20132387608374
Kristaps Porziņģis,C,24.0,DAL,57.0,57.0,31.8,7.0,16.4,0.42700000000000005,2.5,7.1,0.35200000000000004,4.5,9.3,0.484,0.503,4.0,5.0,0.799,1.8,7.7,9.5,1.8,0.7,2.0,1.6,3.2,20.4,29467800.0,17.1988086997386
Devin Booker,SG,23.0,PHO,70.0,70.0,35.9,9.0,18.3,0.489,2.0,5.7,0.354,6.9,12.6,0.5489999999999999,0.544,6.7,7.3,0.919,0.4,3.8,4.2,6.5,0.7,0.3,3.8,3.0,26.6,29430000.0,17.197525120209654
Karl-Anthony Towns,C,24.0,MIN,35.0,35.0,33.9,9.0,17.8,0.508,3.3,7.9,0.41200000000000003,5.8,9.9,0.586,0.6,5.1,6.5,0.7959999999999999,2.7,8.1,10.8,4.4,0.9,1.2,3.1,3.3,26.5,29430000.0,17.197525120209654
CJ McCollum,SG,28.0,POR,70.0,70.0,36.5,8.7,19.4,0.451,2.8,7.3,0.379,6.0,12.1,0.494,0.522,2.0,2.6,0.757,0.7,3.6,4.2,4.4,0.8,0.6,1.8,2.6,22.2,29354152.0,17.1949445593098
Ben Simmons,PG,23.0,PHI,57.0,57.0,35.4,6.6,11.4,0.58,0.0,0.1,0.28600000000000003,6.5,11.2,0.583,0.581,3.2,5.2,0.621,2.0,5.8,7.8,8.0,2.1,0.6,3.5,3.3,16.4,29250000.0,17.19139013164214
Jamal Murray,PG,22.0,DEN,59.0,59.0,32.3,6.9,15.2,0.456,1.9,5.5,0.34600000000000003,5.0,9.7,0.519,0.519,2.8,3.1,0.8809999999999999,0.8,3.2,4.0,4.8,1.1,0.3,2.2,1.7,18.5,29250000.0,17.19139013164214
Pascal Siakam,PF,25.0,TOR,60.0,60.0,35.2,8.3,18.4,0.45299999999999996,2.2,6.1,0.359,6.2,12.3,0.499,0.512,4.0,5.1,0.792,1.1,6.3,7.3,3.5,1.0,0.9,2.5,2.8,22.9,29000000.0,17.182806387950748
Bradley Beal,SG,26.0,WAS,57.0,57.0,36.0,10.4,22.9,0.455,3.0,8.4,0.353,7.4,14.4,0.515,0.52,6.8,8.0,0.8420000000000001,0.9,3.3,4.2,6.1,1.2,0.4,3.4,2.2,30.5,28751775.0,17.174210062432287
Andre Drummond,C,26.0,TOT,57.0,56.0,33.0,7.3,13.8,0.5329999999999999,0.1,0.6,0.14300000000000002,7.2,13.1,0.551,0.536,3.0,5.2,0.575,4.4,10.8,15.2,2.7,1.9,1.6,3.6,3.5,17.7,28751775.0,17.174210062432287
Andre Drummond,C,26.0,DET,49.0,48.0,33.8,7.3,13.9,0.53,0.0,0.4,0.048,7.3,13.4,0.546,0.531,3.0,5.2,0.584,4.6,11.2,15.8,2.8,2.0,1.7,3.6,3.6,17.8,28751775.0,17.174210062432287
Andre Drummond,C,26.0,CLE,8.0,8.0,28.1,7.3,13.1,0.552,0.5,1.8,0.28600000000000003,6.8,11.4,0.593,0.5710000000000001,2.5,4.9,0.513,3.0,8.1,11.1,1.8,1.5,1.4,3.6,3.1,17.5,28751775.0,17.174210062432287
D'Angelo Russell,PG,23.0,TOT,45.0,45.0,32.3,8.0,18.8,0.426,3.5,9.6,0.36700000000000005,4.5,9.2,0.48700000000000004,0.519,3.6,4.4,0.809,0.4,3.6,3.9,6.3,1.1,0.3,3.3,1.9,23.1,28649250.0,17.1706378227719
D'Angelo Russell,PG,23.0,GSW,33.0,33.0,32.1,8.3,19.2,0.43,3.6,9.7,0.374,4.6,9.5,0.48700000000000004,0.524,3.4,4.4,0.785,0.4,3.3,3.7,6.2,0.9,0.3,3.1,1.9,23.6,28649250.0,17.1706378227719
D'Angelo Russell,PG,23.0,MIN,12.0,12.0,32.7,7.3,17.6,0.41200000000000003,3.2,9.2,0.345,4.1,8.4,0.485,0.502,4.0,4.6,0.873,0.3,4.3,4.6,6.6,1.4,0.3,3.8,1.8,21.7,28649250.0,17.1706378227719
Nikola Jokić,C,24.0,DEN,73.0,73.0,32.0,7.7,14.7,0.528,1.1,3.5,0.314,6.6,11.2,0.594,0.565,3.4,4.1,0.8170000000000001,2.3,7.5,9.7,7.0,1.2,0.6,3.1,3.0,19.9,28542009.0,17.166887559967208
Gordon Hayward,SF,29.0,BOS,52.0,52.0,33.5,6.7,13.5,0.5,1.6,4.3,0.38299999999999995,5.1,9.2,0.5539999999999999,0.561,2.4,2.8,0.855,1.1,5.6,6.7,4.1,0.7,0.4,1.8,1.8,17.5,28500000.0,17.16541464523888
Otto Porter,SF,26.0,CHI,14.0,9.0,23.6,4.4,10.0,0.44299999999999995,1.7,4.4,0.387,2.7,5.6,0.48700000000000004,0.529,1.4,1.9,0.7040000000000001,0.9,2.5,3.4,1.8,1.1,0.4,0.8,2.2,11.9,28489239.0,17.165036994990633
DeMar DeRozan,SF,30.0,SAS,68.0,68.0,34.1,8.2,15.4,0.531,0.1,0.5,0.257,8.1,14.9,0.54,0.535,5.6,6.6,0.845,0.6,4.9,5.5,5.6,1.0,0.3,2.4,2.6,22.1,27739975.0,17.138385071624885
Giannis Antetokounmpo,PF,25.0,MIL,63.0,63.0,30.4,10.9,19.7,0.5529999999999999,1.4,4.7,0.304,9.5,15.0,0.631,0.589,6.3,10.0,0.633,2.2,11.4,13.6,5.6,1.0,1.0,3.7,3.1,29.5,27528090.0,17.13071749585254
Steven Adams,C,26.0,OKC,63.0,63.0,26.7,4.5,7.6,0.5920000000000001,0.0,0.0,0.33299999999999996,4.5,7.5,0.594,0.593,1.9,3.2,0.5820000000000001,3.3,6.0,9.3,2.3,0.8,1.1,1.5,1.9,10.9,27528090.0,17.13071749585254
Al Horford,C,33.0,PHI,67.0,61.0,30.2,4.8,10.6,0.45,1.5,4.2,0.35,3.3,6.4,0.516,0.52,0.9,1.2,0.763,1.5,5.3,6.8,4.0,0.8,0.9,1.2,2.1,11.9,27500000.0,17.1296965626368
Brandon Ingram,PF,22.0,NOP,62.0,62.0,33.9,8.2,17.7,0.46299999999999997,2.4,6.2,0.391,5.8,11.5,0.501,0.531,5.0,5.9,0.851,0.8,5.3,6.1,4.2,1.0,0.6,3.0,2.9,23.8,27285000.0,17.12184765860247
Nicolas Batum,SF,31.0,CHO,22.0,3.0,23.0,1.3,3.7,0.34600000000000003,0.6,2.2,0.28600000000000003,0.6,1.5,0.43799999999999994,0.43200000000000005,0.4,0.5,0.9,1.1,3.4,4.5,3.0,0.8,0.4,1.0,1.9,3.6,29695187.0,17.206495536768728
Nicolas Batum,SF,31.0,CHO,22.0,3.0,23.0,1.3,3.7,0.34600000000000003,0.6,2.2,0.28600000000000003,0.6,1.5,0.43799999999999994,0.43200000000000005,0.4,0.5,0.9,1.1,3.4,4.5,3.0,0.8,0.4,1.0,1.9,3.6,29695187.0,17.206495536768728
Rudy Gobert,C,27.0,UTA,68.0,68.0,34.3,5.7,8.2,0.693,0.0,0.0,0.0,5.7,8.2,0.693,0.693,3.7,5.9,0.63,3.4,10.1,13.5,1.5,0.8,2.0,1.9,3.2,15.1,26525281.0,17.09360883618766
Jrue Holiday,SG,29.0,NOP,61.0,61.0,34.7,7.5,16.5,0.455,2.0,5.7,0.353,5.5,10.8,0.509,0.516,2.1,3.0,0.7090000000000001,1.3,3.5,4.8,6.7,1.6,0.8,3.0,2.4,19.1,26131111.0,17.07863715477126
Nikola Vučević,C,29.0,ORL,62.0,62.0,32.2,8.0,16.7,0.47700000000000004,1.6,4.7,0.33899999999999997,6.4,12.0,0.531,0.525,2.1,2.7,0.784,2.3,8.6,10.9,3.6,0.9,0.8,1.4,2.2,19.6,26000000.0,17.073607095985757
Buddy Hield,SG,27.0,SAC,72.0,44.0,30.8,6.9,16.1,0.429,3.8,9.6,0.39399999999999996,3.2,6.6,0.479,0.545,1.6,1.9,0.846,0.8,3.8,4.6,3.0,0.9,0.2,2.3,2.3,19.2,24431818.0,17.011396857165916
LaMarcus Aldridge,C,34.0,SAS,53.0,53.0,33.1,7.4,15.0,0.493,1.2,3.0,0.389,6.2,12.0,0.519,0.532,3.0,3.6,0.8270000000000001,1.9,5.5,7.4,2.4,0.7,1.6,1.4,2.4,18.9,24000000.0,16.99356438831222
Jaylen Brown,SG,23.0,BOS,57.0,57.0,33.9,7.5,15.6,0.48100000000000004,2.3,5.9,0.382,5.2,9.6,0.5429999999999999,0.5539999999999999,3.1,4.3,0.7240000000000001,1.1,5.3,6.4,2.1,1.1,0.4,2.2,2.9,20.3,22991071.0,16.95061648112624
Draymond Green,PF,29.0,GSW,43.0,43.0,28.4,2.9,7.3,0.389,0.8,3.0,0.27899999999999997,2.0,4.3,0.465,0.446,1.5,1.9,0.759,0.5,5.7,6.2,6.2,1.4,0.8,2.3,2.6,8.0,22246956.0,16.917715748228556
Harrison Barnes,PF,27.0,SAC,72.0,72.0,34.5,5.1,11.0,0.46,1.4,3.7,0.381,3.7,7.3,0.501,0.525,3.0,3.7,0.8009999999999999,1.1,3.9,4.9,2.2,0.6,0.2,1.2,1.3,14.5,22215909.0,16.916319211813462
Fred VanVleet,SG,25.0,TOR,54.0,54.0,35.7,5.9,14.3,0.413,2.7,6.9,0.39,3.2,7.4,0.434,0.507,3.1,3.7,0.848,0.3,3.4,3.8,6.6,1.9,0.3,2.2,2.4,17.6,21250000.0,16.8718674533347
Victor Oladipo,SG,27.0,IND,19.0,16.0,27.8,5.1,12.9,0.39399999999999996,1.7,5.5,0.317,3.4,7.5,0.451,0.461,2.5,3.1,0.8140000000000001,0.5,3.5,3.9,2.9,0.9,0.2,2.5,1.9,14.5,21000000.0,16.860032995687696
Malcolm Brogdon,PG,27.0,IND,54.0,54.0,30.9,6.0,13.8,0.43799999999999994,1.4,4.3,0.326,4.6,9.5,0.488,0.489,3.1,3.4,0.892,0.9,4.0,4.9,7.1,0.6,0.2,2.4,1.8,16.5,20700000.0,16.8456442582356
Danilo Gallinari,PF,31.0,OKC,62.0,62.0,29.6,5.8,13.2,0.43799999999999994,2.9,7.1,0.405,2.9,6.1,0.47600000000000003,0.547,4.3,4.8,0.893,0.5,4.6,5.2,1.9,0.7,0.1,1.2,1.2,18.7,19500000.0,16.785925023533974
Zach LaVine,SG,24.0,CHI,60.0,60.0,34.8,9.0,20.0,0.45,3.1,8.1,0.38,5.9,11.9,0.49700000000000005,0.526,4.5,5.6,0.802,0.7,4.1,4.8,4.2,1.5,0.5,3.4,2.2,25.5,19500000.0,16.785925023533974
Gary Harris,SG,25.0,DEN,56.0,55.0,31.8,3.9,9.3,0.42,1.3,3.8,0.33299999999999996,2.6,5.5,0.479,0.48700000000000004,1.3,1.6,0.815,0.5,2.4,2.9,2.1,1.4,0.3,1.1,2.1,10.4,19160714.0,16.76837259494836
Jerami Grant,PF,25.0,DEN,71.0,24.0,26.6,4.3,8.9,0.478,1.4,3.5,0.389,2.9,5.4,0.537,0.555,2.1,2.8,0.75,0.8,2.7,3.5,1.2,0.7,0.8,0.9,2.2,12.0,19047619.0,16.762452664848833
Tim Hardaway Jr.,SG,27.0,DAL,71.0,58.0,29.5,5.4,12.5,0.434,2.9,7.2,0.39799999999999996,2.5,5.2,0.485,0.55,2.1,2.6,0.8190000000000001,0.4,2.9,3.3,1.9,0.6,0.1,1.0,1.8,15.8,18975000.0,16.75863288124597
Terry Rozier,PG,25.0,CHO,63.0,63.0,34.3,6.3,14.9,0.423,2.7,6.7,0.40700000000000003,3.6,8.2,0.436,0.514,2.6,3.0,0.8740000000000001,0.8,3.6,4.4,4.1,1.0,0.2,2.2,2.0,18.0,18900000.0,16.75467248002987
Julius Randle,PF,25.0,NYK,64.0,64.0,32.5,7.2,15.7,0.46,1.0,3.6,0.27699999999999997,6.2,12.1,0.515,0.49200000000000005,4.0,5.5,0.733,2.4,7.4,9.7,3.1,0.8,0.3,3.0,2.8,19.5,18900000.0,16.75467248002987
Aaron Gordon,PF,24.0,ORL,62.0,62.0,32.5,5.4,12.4,0.43700000000000006,1.2,3.8,0.308,4.2,8.5,0.494,0.484,2.4,3.6,0.674,1.7,5.9,7.7,3.7,0.8,0.6,1.6,2.0,14.4,18136364.0,16.713429541545946
Myles Turner,C,23.0,IND,62.0,62.0,29.5,4.3,9.5,0.457,1.4,4.0,0.344,2.9,5.4,0.54,0.53,2.0,2.7,0.7509999999999999,1.4,5.2,6.6,1.2,0.7,2.1,1.4,2.7,12.1,18000000.0,16.70588231586044
Bogdan Bogdanović,SG,27.0,SAC,61.0,28.0,29.0,5.5,12.6,0.44,2.7,7.2,0.37200000000000005,2.8,5.3,0.532,0.547,1.4,1.9,0.741,0.4,3.0,3.4,3.4,1.0,0.2,1.7,2.2,15.1,18000000.0,16.70588231586044
Goran Dragić,PG,33.0,MIA,59.0,3.0,28.2,5.4,12.3,0.441,2.1,5.7,0.36700000000000005,3.3,6.5,0.505,0.526,3.2,4.2,0.7759999999999999,0.5,2.7,3.2,5.1,0.7,0.2,2.4,2.1,16.2,18000000.0,16.70588231586044
Bojan Bogdanović,SF,30.0,UTA,63.0,63.0,33.1,6.6,14.8,0.447,3.0,7.3,0.414,3.6,7.6,0.479,0.5479999999999999,4.0,4.4,0.903,0.6,3.5,4.1,2.1,0.5,0.1,2.5,1.7,20.2,17850000.0,16.69751406618992
Gorgui Dieng,C,30.0,TOT,63.0,17.0,17.4,2.6,5.8,0.456,0.9,2.4,0.355,1.8,3.4,0.528,0.53,1.2,1.6,0.772,1.4,4.2,5.6,1.2,0.8,0.9,1.0,2.0,7.4,17287640.0,16.665502353259306
Gorgui Dieng,C,30.0,MIN,46.0,17.0,16.9,2.7,6.0,0.44799999999999995,1.0,2.6,0.38299999999999995,1.7,3.4,0.49700000000000005,0.531,1.0,1.3,0.797,1.6,4.0,5.6,1.3,0.8,0.9,1.0,1.9,7.4,17287640.0,16.665502353259306
Gorgui Dieng,C,30.0,MEM,17.0,0.0,18.7,2.5,5.1,0.483,0.5,1.9,0.25,2.0,3.2,0.618,0.529,1.8,2.5,0.738,1.1,4.7,5.8,0.9,0.8,1.0,0.9,2.1,7.2,17287640.0,16.665502353259306
Domantas Sabonis,PF,23.0,IND,62.0,62.0,34.8,7.4,13.7,0.54,0.3,1.1,0.254,7.1,12.6,0.565,0.55,3.5,4.8,0.723,3.0,9.4,12.4,5.0,0.8,0.5,2.7,3.1,18.5,17187500.0,16.659692933391064
Ricky Rubio,PG,29.0,PHO,65.0,65.0,31.0,4.4,10.6,0.415,1.2,3.3,0.361,3.2,7.3,0.439,0.47100000000000003,3.0,3.5,0.863,0.7,4.0,4.7,8.8,1.4,0.2,2.7,2.6,13.0,17000000.0,16.64872390202049
Evan Fournier,SF,27.0,ORL,66.0,66.0,31.5,6.6,14.1,0.467,2.6,6.6,0.39899999999999997,4.0,7.5,0.527,0.56,2.7,3.3,0.818,0.3,2.3,2.6,3.2,1.1,0.2,1.9,2.4,18.5,17000000.0,16.64872390202049
Eric Bledsoe,PG,30.0,MIL,61.0,61.0,27.0,5.5,11.5,0.475,1.2,3.5,0.344,4.3,8.0,0.5329999999999999,0.528,2.8,3.5,0.79,0.7,3.9,4.6,5.4,0.9,0.4,2.4,2.1,14.9,16875000.0,16.641343794722868
Eric Gordon,SF,31.0,HOU,36.0,15.0,28.2,4.8,12.9,0.369,2.7,8.4,0.317,2.1,4.4,0.469,0.473,2.3,3.0,0.7659999999999999,0.3,1.7,2.0,1.5,0.6,0.4,1.2,1.9,14.4,16869276.0,16.641004537181534
Caris LeVert,SG,25.0,BRK,45.0,31.0,29.6,6.9,16.3,0.425,1.8,4.9,0.364,5.1,11.4,0.451,0.48,3.1,4.4,0.711,1.1,3.1,4.2,4.4,1.2,0.2,2.6,1.8,18.7,16203704.0,16.60075041604333
Joe Harris,SF,28.0,BRK,69.0,69.0,30.8,5.5,11.4,0.486,2.5,5.9,0.424,3.0,5.5,0.5529999999999999,0.596,0.9,1.3,0.7190000000000001,0.9,3.4,4.3,2.1,0.6,0.2,1.5,2.3,14.5,16071429.0,16.5925536572201
James Johnson,PF-C,32.0,TOT,32.0,1.0,19.3,3.2,6.7,0.479,1.0,2.8,0.363,2.2,3.9,0.565,0.556,1.0,1.5,0.6459999999999999,0.8,2.9,3.7,2.3,0.8,1.0,1.5,2.5,8.4,16047100.0,16.591038705856477
James Johnson,PF,32.0,MIA,18.0,0.0,15.6,2.2,4.8,0.44799999999999995,0.9,2.5,0.35600000000000004,1.3,2.3,0.5479999999999999,0.54,0.4,0.8,0.5710000000000001,0.4,2.4,2.9,1.2,0.3,0.7,0.8,1.9,5.7,16047100.0,16.591038705856477
James Johnson,C,32.0,MIN,14.0,1.0,24.1,4.6,9.1,0.5,1.2,3.3,0.37,3.4,5.9,0.573,0.5660000000000001,1.6,2.4,0.6759999999999999,1.2,3.5,4.7,3.8,1.4,1.4,2.4,3.3,12.0,16047100.0,16.591038705856477
Clint Capela,C,25.0,HOU,39.0,39.0,32.8,6.3,9.9,0.629,0.0,0.0,0.0,6.3,9.9,0.629,0.629,1.4,2.7,0.529,4.3,9.5,13.8,1.2,0.8,1.8,1.6,2.6,13.9,16000000.0,16.588099280204055
Dennis Schröder,PG,26.0,OKC,65.0,2.0,30.8,7.0,14.8,0.469,1.9,5.0,0.385,5.0,9.8,0.513,0.534,3.0,3.6,0.8390000000000001,0.3,3.3,3.6,4.0,0.7,0.2,2.6,2.2,18.9,15500000.0,16.556350581889475
Cody Zeller,C,27.0,CHO,58.0,39.0,23.1,4.3,8.3,0.524,0.3,1.3,0.24,4.0,7.0,0.5770000000000001,0.5429999999999999,2.1,3.1,0.682,2.8,4.3,7.1,1.5,0.7,0.4,1.3,2.4,11.1,15415730.0,16.550898974652075
Danny Green,SG,32.0,LAL,68.0,68.0,24.8,2.9,7.0,0.41600000000000004,1.8,4.8,0.36700000000000005,1.1,2.2,0.524,0.542,0.5,0.7,0.688,0.8,2.6,3.3,1.3,1.3,0.5,0.9,2.0,8.0,15365854.0,16.547658332867766
Jonas Valančiūnas,C,27.0,MEM,70.0,70.0,26.4,6.2,10.6,0.585,0.5,1.3,0.35200000000000004,5.7,9.3,0.617,0.606,2.1,2.9,0.74,3.0,8.2,11.3,1.9,0.4,1.1,1.8,2.6,14.9,15000000.0,16.523560759066484
Andre Iguodala,SF,36.0,MIA,21.0,0.0,19.9,1.8,4.2,0.43200000000000005,0.7,2.2,0.298,1.1,2.0,0.585,0.511,0.3,0.7,0.4,0.8,2.9,3.7,2.4,0.7,1.0,1.2,1.7,4.6,15000000.0,16.523560759066484
Marcus Morris,SF-PF,30.0,TOT,62.0,62.0,31.2,5.7,13.1,0.43799999999999994,2.3,5.6,0.408,3.4,7.5,0.461,0.526,2.9,3.5,0.823,1.0,4.1,5.0,1.4,0.8,0.5,1.6,2.9,16.7,14883721.0,16.515778623311927
Marcus Morris,SF,30.0,NYK,43.0,43.0,32.3,6.5,14.8,0.442,2.7,6.1,0.439,3.8,8.7,0.444,0.5329999999999999,3.8,4.6,0.823,1.1,4.3,5.4,1.4,0.8,0.4,1.7,3.0,19.6,14883721.0,16.515778623311927
Marcus Morris,PF,30.0,LAC,19.0,19.0,28.9,3.9,9.2,0.425,1.4,4.4,0.31,2.5,4.7,0.5329999999999999,0.5,0.9,1.2,0.818,0.6,3.5,4.1,1.4,0.7,0.7,1.3,2.7,10.1,14883721.0,16.515778623311927
Kelly Oubre Jr.,SF,24.0,PHO,56.0,55.0,34.5,6.7,14.8,0.452,1.9,5.5,0.35200000000000004,4.7,9.3,0.511,0.517,3.4,4.4,0.78,1.2,5.3,6.4,1.5,1.3,0.7,1.5,3.4,18.7,14375000.0,16.48100114464769
Dejounte Murray,PG,23.0,SAS,66.0,58.0,25.6,4.5,9.7,0.462,0.6,1.7,0.369,3.8,8.0,0.48100000000000004,0.494,1.4,1.7,0.7979999999999999,1.0,4.8,5.8,4.1,1.7,0.3,1.9,2.2,10.9,14285714.0,16.47477057489705
Rudy Gay,PF,33.0,SAS,67.0,5.0,21.8,4.0,8.9,0.446,1.1,3.3,0.336,2.9,5.6,0.511,0.508,1.8,2.0,0.882,0.9,4.5,5.4,1.7,0.5,0.5,1.3,1.5,10.8,14000000.0,16.454567887579532
Taurean Prince,PF,25.0,BRK,64.0,61.0,29.0,4.3,11.5,0.376,2.3,6.7,0.33899999999999997,2.1,4.8,0.429,0.475,1.1,1.4,0.7979999999999999,0.8,5.2,6.0,1.8,0.9,0.4,2.0,2.5,12.1,13942308.0,16.450438516306487
Will Barton,SF,29.0,DEN,58.0,58.0,33.0,5.7,12.7,0.45,1.9,5.0,0.375,3.9,7.8,0.498,0.523,1.8,2.3,0.767,1.3,5.0,6.3,3.7,1.1,0.5,1.5,2.1,15.1,13920000.0,16.448837212870547
Dāvis Bertāns,PF,27.0,WAS,54.0,4.0,29.3,4.9,11.3,0.434,3.7,8.7,0.424,1.2,2.6,0.47100000000000003,0.598,1.9,2.3,0.852,0.6,3.9,4.5,1.7,0.7,0.6,1.1,2.6,15.4,13793103.0,16.439679242585783
Thaddeus Young,PF,31.0,CHI,64.0,16.0,24.9,4.2,9.4,0.44799999999999995,1.2,3.5,0.35600000000000004,3.0,5.9,0.501,0.513,0.7,1.1,0.583,1.5,3.5,4.9,1.8,1.4,0.4,1.6,2.1,10.3,13545000.0,16.421528033501332
Terrence Ross,SG,28.0,ORL,69.0,0.0,27.4,4.9,12.3,0.40299999999999997,2.6,7.3,0.35100000000000003,2.4,5.0,0.48,0.508,2.3,2.7,0.853,0.2,3.0,3.2,1.2,1.1,0.3,1.0,1.6,14.7,13500000.0,16.41820024340866
Marcus Smart,SG,25.0,BOS,60.0,40.0,32.0,4.3,11.4,0.375,2.3,6.6,0.34700000000000003,2.0,4.8,0.415,0.47600000000000003,2.1,2.5,0.836,0.7,3.1,3.8,4.9,1.7,0.5,1.7,2.7,12.9,13446428.0,16.414224052532337
Patrick Beverley,PG,31.0,LAC,51.0,50.0,26.3,2.9,6.7,0.431,1.6,4.0,0.38799999999999996,1.3,2.6,0.496,0.5479999999999999,0.6,0.9,0.66,1.1,4.1,5.2,3.6,1.1,0.5,1.3,3.1,7.9,13333333.0,16.405777698410102
Malik Beasley,SG,23.0,TOT,55.0,14.0,22.0,4.1,9.7,0.425,1.9,5.0,0.38799999999999996,2.2,4.7,0.465,0.525,1.0,1.2,0.818,0.3,2.4,2.7,1.4,0.7,0.1,1.0,1.4,11.2,13325895.0,16.405219692739944
Malik Beasley,SG,23.0,DEN,41.0,0.0,18.2,2.9,7.3,0.389,1.4,3.9,0.36,1.4,3.4,0.42100000000000004,0.485,0.8,0.9,0.868,0.2,1.7,1.9,1.2,0.8,0.1,0.9,1.2,7.9,13325895.0,16.405219692739944
Malik Beasley,SG,23.0,MIN,14.0,14.0,33.1,7.9,16.6,0.47200000000000003,3.5,8.2,0.426,4.4,8.4,0.517,0.5770000000000001,1.5,2.0,0.75,0.6,4.4,5.1,1.9,0.6,0.1,1.5,1.9,20.7,13325895.0,16.405219692739944
Patty Mills,PG,31.0,SAS,66.0,1.0,22.5,3.9,9.1,0.431,2.3,6.1,0.382,1.6,3.0,0.5329999999999999,0.56,1.5,1.7,0.866,0.3,1.3,1.6,1.8,0.8,0.1,0.8,1.6,11.6,13285714.0,16.40219988055684
Christian Wood,PF,24.0,DET,62.0,12.0,21.4,4.6,8.2,0.5670000000000001,0.9,2.3,0.386,3.8,5.9,0.636,0.62,2.9,3.9,0.7440000000000001,1.7,4.6,6.3,1.0,0.5,0.9,1.4,1.6,13.1,13015874.0,16.381680247440794
J.J. Redick,SG,35.0,NOP,60.0,36.0,26.4,4.8,10.5,0.45299999999999996,3.0,6.6,0.45299999999999996,1.8,3.9,0.45299999999999996,0.596,2.8,3.1,0.892,0.2,2.4,2.5,2.0,0.3,0.2,1.3,1.6,15.3,13013700.0,16.38151320667362
Justise Winslow,SG,23.0,MIA,11.0,5.0,32.0,4.5,11.7,0.38799999999999996,0.5,2.5,0.222,4.0,9.3,0.431,0.41100000000000003,1.6,2.5,0.667,1.5,5.2,6.6,4.0,0.6,0.5,2.2,3.5,11.3,13000000.0,16.38045991542581
Trevor Ariza,SF,34.0,TOT,53.0,21.0,28.2,2.7,6.1,0.43799999999999994,1.5,3.9,0.37200000000000005,1.2,2.2,0.556,0.557,1.2,1.4,0.838,0.6,4.0,4.6,1.7,1.3,0.3,1.1,2.1,8.0,12800000.0,16.364955728889846
Trevor Ariza,SF,34.0,SAC,32.0,0.0,24.7,2.0,5.2,0.38799999999999996,1.3,3.8,0.35200000000000004,0.7,1.3,0.488,0.518,0.7,0.8,0.778,0.7,3.9,4.6,1.6,1.1,0.2,0.9,2.0,6.0,12800000.0,16.364955728889846
Trevor Ariza,SF,34.0,POR,21.0,21.0,33.4,3.7,7.6,0.491,1.6,4.0,0.4,2.1,3.5,0.595,0.597,2.0,2.2,0.872,0.6,4.1,4.8,2.0,1.6,0.4,1.3,2.3,11.0,12800000.0,16.364955728889846
Brook Lopez,C,31.0,MIL,68.0,67.0,26.7,4.3,9.9,0.435,1.5,4.8,0.314,2.8,5.1,0.5489999999999999,0.511,1.9,2.2,0.836,0.9,3.7,4.6,1.5,0.7,2.4,1.0,2.4,12.0,12697675.0,16.356929463803162
Dion Waiters,SG,28.0,TOT,10.0,0.0,20.7,4.1,9.9,0.414,1.5,4.7,0.319,2.6,5.2,0.5,0.49,1.4,1.7,0.8240000000000001,0.2,2.2,2.4,2.0,0.4,0.6,1.6,2.1,11.1,12650000.0,16.353167773137802
Dion Waiters,SG,28.0,MIA,3.0,0.0,14.0,3.3,8.7,0.385,2.7,5.7,0.47100000000000003,0.7,3.0,0.222,0.5379999999999999,0.0,0.3,0.0,0.0,3.7,3.7,1.0,0.0,0.7,1.0,1.7,9.3,12650000.0,16.353167773137802
Dion Waiters,SG,28.0,LAL,7.0,0.0,23.6,4.4,10.4,0.425,1.0,4.3,0.233,3.4,6.1,0.5579999999999999,0.473,2.0,2.3,0.875,0.3,1.6,1.9,2.4,0.6,0.6,1.9,2.3,11.9,12650000.0,16.353167773137802
Cory Joseph,PG,28.0,SAC,72.0,26.0,24.4,2.4,5.7,0.415,0.8,2.2,0.35200000000000004,1.6,3.5,0.455,0.483,0.8,1.0,0.857,0.6,2.0,2.6,3.5,0.7,0.3,1.1,1.8,6.4,12600000.0,16.349207371921707
Markelle Fultz,PG,21.0,ORL,72.0,60.0,27.7,5.0,10.7,0.465,0.5,1.9,0.267,4.5,8.8,0.507,0.488,1.6,2.2,0.73,0.6,2.7,3.3,5.1,1.3,0.2,2.0,2.0,12.1,12288697.0,16.324190454766168
Kelly Olynyk,C,28.0,MIA,67.0,9.0,19.4,2.7,5.9,0.462,1.4,3.5,0.406,1.3,2.4,0.5429999999999999,0.5820000000000001,1.3,1.5,0.86,0.7,3.9,4.6,1.7,0.7,0.3,1.1,2.6,8.2,12198243.0,16.316802482938687
Tony Snell,SF,28.0,DET,59.0,57.0,27.8,2.9,6.5,0.445,1.7,4.3,0.402,1.2,2.2,0.531,0.579,0.5,0.5,1.0,0.2,1.7,1.9,2.2,0.5,0.3,0.5,1.7,8.0,12178571.0,16.31518848988197
Robert Covington,PF-C,29.0,TOT,70.0,68.0,30.5,4.4,10.3,0.42200000000000004,2.3,6.9,0.335,2.1,3.5,0.593,0.5329999999999999,1.4,1.8,0.7979999999999999,0.9,5.7,6.6,1.3,1.6,1.3,1.5,3.1,12.4,12138345.0,16.311880008107966
Robert Covington,PF,29.0,MIN,48.0,47.0,29.4,4.5,10.3,0.435,2.3,6.5,0.34600000000000003,2.3,3.8,0.5870000000000001,0.544,1.6,2.0,0.7979999999999999,0.8,5.2,6.0,1.2,1.7,0.9,1.5,3.1,12.8,12138345.0,16.311880008107966
Robert Covington,C,29.0,HOU,22.0,21.0,33.0,4.0,10.3,0.392,2.4,7.6,0.315,1.6,2.7,0.61,0.509,1.1,1.4,0.8,1.2,6.8,8.0,1.5,1.6,2.2,1.4,3.3,11.6,12138345.0,16.311880008107966
Kentavious Caldwell-Pope,SG,26.0,LAL,69.0,26.0,25.5,3.4,7.3,0.467,1.3,3.5,0.385,2.1,3.9,0.541,0.5579999999999999,1.1,1.5,0.775,0.6,1.5,2.1,1.6,0.8,0.2,0.9,1.9,9.3,12073020.0,16.306483768902236
Jusuf Nurkić,C,25.0,POR,8.0,8.0,31.6,6.8,13.6,0.495,0.3,1.3,0.2,6.5,12.4,0.525,0.505,3.9,4.4,0.8859999999999999,2.9,7.4,10.3,4.0,1.4,2.0,2.4,4.9,17.6,12000000.0,16.300417207752275
T.J. Warren,SF,26.0,IND,67.0,67.0,32.9,8.0,14.9,0.536,1.4,3.4,0.40299999999999997,6.6,11.5,0.575,0.581,2.5,3.0,0.8190000000000001,1.0,3.2,4.2,1.5,1.2,0.5,1.3,2.8,19.8,11750000.0,16.279363798554442
Larry Nance Jr.,PF,27.0,CLE,56.0,10.0,26.3,4.1,7.7,0.531,1.0,2.8,0.35200000000000004,3.1,4.9,0.636,0.596,0.9,1.3,0.6759999999999999,1.9,5.4,7.3,2.2,1.0,0.4,1.1,1.6,10.1,11709091.0,16.275876106600133
Jordan Clarkson,SG,27.0,TOT,71.0,2.0,24.0,5.5,12.2,0.45399999999999996,2.1,5.8,0.368,3.4,6.4,0.5329999999999999,0.542,1.9,2.3,0.836,0.7,1.9,2.6,1.9,0.6,0.2,1.4,1.5,15.2,11500000.0,16.25785759333348
Jordan Clarkson,SG,27.0,CLE,29.0,0.0,23.0,5.0,11.2,0.442,2.0,5.5,0.371,2.9,5.8,0.509,0.532,2.6,3.0,0.884,0.7,1.7,2.4,2.4,0.6,0.3,1.3,1.1,14.6,11500000.0,16.25785759333348
Jordan Clarkson,SG,27.0,UTA,42.0,2.0,24.7,6.0,12.9,0.462,2.2,6.0,0.366,3.7,6.8,0.547,0.5479999999999999,1.5,1.9,0.785,0.7,2.1,2.8,1.6,0.7,0.2,1.4,1.8,15.6,11500000.0,16.25785759333348
Spencer Dinwiddie,PG,26.0,BRK,64.0,49.0,31.2,6.6,16.0,0.415,1.9,6.3,0.308,4.7,9.7,0.485,0.47600000000000003,5.4,7.0,0.778,0.5,3.0,3.5,6.8,0.6,0.3,2.7,2.8,20.6,11454048.0,16.253853762602905
Dillon Brooks,SG,24.0,MEM,73.0,73.0,28.9,6.0,14.6,0.40700000000000003,2.0,5.6,0.358,3.9,9.0,0.43799999999999994,0.47600000000000003,2.2,2.8,0.8079999999999999,0.9,2.4,3.3,2.1,0.9,0.4,1.7,3.8,16.2,11400000.0,16.249123913364723
Lonzo Ball,PG,22.0,NOP,63.0,54.0,32.1,4.4,10.9,0.40299999999999997,2.3,6.3,0.375,2.0,4.6,0.442,0.511,0.7,1.2,0.5660000000000001,1.1,5.0,6.1,7.0,1.4,0.6,3.1,2.0,11.8,11003782.0,16.213749589852537
Norman Powell,SG,26.0,TOR,52.0,26.0,28.4,5.7,11.5,0.495,2.1,5.3,0.39899999999999997,3.6,6.3,0.575,0.586,2.5,2.9,0.843,0.5,3.2,3.7,1.8,1.2,0.4,1.5,2.1,16.0,10865952.0,16.201144788634924
Joe Ingles,PF,32.0,UTA,72.0,45.0,29.7,3.4,7.7,0.445,2.0,4.9,0.39899999999999997,1.5,2.8,0.525,0.5720000000000001,1.0,1.3,0.787,0.4,3.5,3.9,5.2,0.9,0.2,2.0,2.1,9.8,10863637.0,16.200931715114873
Josh Richardson,SG,26.0,PHI,55.0,53.0,30.8,5.1,11.7,0.43,1.5,4.5,0.341,3.5,7.2,0.486,0.496,2.1,2.6,0.809,0.7,2.4,3.2,2.9,0.9,0.7,1.9,2.5,13.7,10800000.0,16.195056692094447
Jeremy Lamb,SG,27.0,IND,46.0,42.0,28.1,4.7,10.4,0.451,1.2,3.4,0.335,3.5,7.0,0.508,0.506,2.0,2.4,0.836,0.5,3.8,4.3,2.1,1.2,0.5,1.1,2.3,12.5,10500000.0,16.166885815127753
DeAndre Jordan,C,31.0,BRK,56.0,6.0,22.0,3.4,5.1,0.6659999999999999,0.0,0.0,0.0,3.4,5.1,0.6659999999999999,0.6659999999999999,1.5,2.2,0.68,2.5,7.5,10.0,1.9,0.3,0.9,1.3,2.0,8.3,10375678.0,16.154974971343446
Zion Williamson,PF,19.0,NOP,24.0,24.0,27.8,8.8,15.0,0.583,0.3,0.6,0.429,8.5,14.4,0.59,0.5920000000000001,4.8,7.4,0.64,2.7,3.6,6.3,2.1,0.7,0.4,2.5,1.8,22.5,10245480.0,16.1423471906806
Dwight Powell,C,28.0,DAL,40.0,37.0,26.5,3.7,5.7,0.638,0.3,1.0,0.256,3.4,4.8,0.716,0.659,1.9,2.8,0.667,1.9,3.8,5.7,1.5,0.9,0.6,0.9,2.6,9.4,10185185.0,16.136444771444697
Rodney Hood,SF,27.0,POR,21.0,21.0,29.5,4.1,8.2,0.506,1.7,3.4,0.493,2.5,4.8,0.515,0.608,1.0,1.3,0.778,0.5,3.0,3.4,1.5,0.8,0.2,0.9,2.2,11.0,10047450.0,16.12282942893083
Deandre Ayton,C,21.0,PHO,38.0,32.0,32.5,8.2,14.9,0.546,0.1,0.3,0.231,8.1,14.6,0.5529999999999999,0.5479999999999999,1.8,2.3,0.753,3.9,7.6,11.5,1.9,0.7,1.5,2.1,3.1,18.2,10018200.0,16.119913996765103
Tomáš Satoranský,SG,28.0,CHI,65.0,64.0,28.9,3.6,8.5,0.43,1.0,3.1,0.322,2.7,5.4,0.491,0.488,1.6,1.9,0.8759999999999999,1.2,2.7,3.9,5.4,1.2,0.1,2.0,2.1,9.9,10000000.0,16.11809565095832
Paul Millsap,PF,34.0,DEN,51.0,48.0,24.3,4.1,8.6,0.48200000000000004,1.1,2.4,0.435,3.1,6.2,0.5,0.5429999999999999,2.3,2.8,0.816,1.9,3.8,5.7,1.6,0.9,0.6,1.4,2.9,11.6,10000000.0,16.11809565095832
Jayson Tatum,PF,21.0,BOS,66.0,66.0,34.3,8.4,18.6,0.45,2.9,7.1,0.40299999999999997,5.5,11.5,0.48,0.527,3.8,4.7,0.812,1.0,6.0,7.0,3.0,1.4,0.9,2.3,2.1,23.4,9897120.0,16.10775436369165
Meyers Leonard,C,27.0,MIA,51.0,49.0,20.3,2.3,4.6,0.509,1.0,2.5,0.414,1.3,2.1,0.623,0.622,0.4,0.5,0.643,0.6,4.5,5.1,1.1,0.3,0.3,0.8,2.1,6.1,9756098.0,16.093403083367946
Al-Farouq Aminu,PF,29.0,ORL,18.0,2.0,21.1,1.4,4.8,0.29100000000000004,0.5,2.0,0.25,0.9,2.8,0.32,0.34299999999999997,1.1,1.6,0.655,1.3,3.5,4.8,1.2,1.0,0.4,0.9,1.5,4.3,9720900.0,16.089788764742785
Dante Exum,SG,24.0,TOT,35.0,1.0,13.9,1.6,3.4,0.47100000000000003,0.4,1.2,0.349,1.2,2.2,0.539,0.534,0.9,1.2,0.7440000000000001,0.3,1.6,1.9,1.1,0.4,0.2,0.9,1.1,4.5,9600000.0,16.077273656438063
Dante Exum,SG,24.0,UTA,11.0,0.0,7.5,0.9,2.1,0.435,0.2,0.5,0.33299999999999996,0.7,1.5,0.47100000000000003,0.478,0.2,0.2,1.0,0.3,0.8,1.1,0.6,0.1,0.2,0.9,0.7,2.2,9600000.0,16.077273656438063
Dante Exum,SG,24.0,CLE,24.0,1.0,16.8,1.9,4.0,0.479,0.5,1.5,0.35100000000000003,1.4,2.5,0.5589999999999999,0.547,1.3,1.7,0.732,0.4,1.9,2.3,1.4,0.5,0.3,0.9,1.3,5.6,9600000.0,16.077273656438063
George Hill,PG,33.0,MIL,59.0,2.0,21.5,3.3,6.4,0.516,1.4,3.0,0.46,1.9,3.4,0.565,0.624,1.4,1.7,0.8420000000000001,0.8,2.2,3.0,3.1,0.8,0.1,1.0,1.4,9.4,9590602.0,16.076294218612063
Kyle Anderson,SF,26.0,MEM,67.0,28.0,19.9,2.3,4.9,0.474,0.4,1.3,0.282,2.0,3.7,0.541,0.511,0.8,1.2,0.667,0.9,3.4,4.3,2.4,0.8,0.6,1.0,1.7,5.8,9505100.0,16.067339054627862
Derrick Jones Jr.,SF,22.0,MIA,59.0,16.0,23.3,3.1,5.9,0.527,0.6,2.2,0.28,2.5,3.7,0.677,0.58,1.6,2.1,0.772,1.1,2.8,3.9,1.1,1.0,0.6,0.5,2.2,8.5,9268293.0,16.042109778190923
Jae Crowder,SF-PF,29.0,TOT,65.0,53.0,28.8,3.5,8.7,0.401,2.1,6.1,0.34299999999999997,1.4,2.6,0.5379999999999999,0.521,1.5,1.9,0.7759999999999999,0.8,5.1,5.9,2.5,1.1,0.4,1.1,2.2,10.5,9258000.0,16.040998600573353
Jae Crowder,SF,29.0,MEM,45.0,45.0,29.4,3.3,8.9,0.368,1.7,5.9,0.293,1.5,3.0,0.519,0.466,1.7,2.1,0.789,0.9,5.3,6.2,2.8,1.0,0.3,1.2,1.9,9.9,9258000.0,16.040998600573353
Jae Crowder,PF,29.0,MIA,20.0,8.0,27.7,4.0,8.2,0.48200000000000004,2.9,6.4,0.445,1.1,1.8,0.611,0.655,1.1,1.5,0.733,0.6,4.8,5.4,1.8,1.3,0.5,0.8,2.9,11.9,9258000.0,16.040998600573353
Derrick Favors,C,28.0,NOP,51.0,49.0,24.4,4.1,6.6,0.617,0.0,0.1,0.14300000000000002,4.1,6.5,0.627,0.618,0.8,1.4,0.563,3.2,6.6,9.8,1.6,0.6,0.9,1.1,2.1,9.0,9258000.0,16.040998600573353
Montrezl Harrell,C,26.0,LAC,63.0,2.0,27.8,7.5,12.9,0.58,0.0,0.3,0.0,7.5,12.6,0.593,0.58,3.7,5.6,0.6579999999999999,2.6,4.5,7.1,1.7,0.6,1.1,1.7,2.3,18.6,9258000.0,16.040998600573353
Tristan Thompson,PF,28.0,CLE,57.0,51.0,30.2,5.1,9.9,0.512,0.2,0.4,0.391,4.9,9.5,0.518,0.52,1.7,2.8,0.615,4.0,6.2,10.1,2.1,0.6,0.9,1.8,2.2,12.0,9258000.0,16.040998600573353
Serge Ibaka,C,30.0,TOR,55.0,27.0,27.0,6.2,12.2,0.512,1.3,3.3,0.385,5.0,8.9,0.5589999999999999,0.564,1.6,2.3,0.718,2.1,6.1,8.2,1.4,0.5,0.8,2.0,2.8,15.4,9258000.0,16.040998600573353
Ja Morant,PG,20.0,MEM,67.0,67.0,31.0,6.7,14.0,0.47700000000000004,0.9,2.7,0.335,5.8,11.3,0.511,0.509,3.6,4.6,0.7759999999999999,0.8,3.1,3.9,7.3,0.9,0.3,3.3,1.6,17.8,9166800.0,16.031098819317453
Delon Wright,PG,27.0,DAL,73.0,5.0,21.5,2.6,5.6,0.462,0.6,1.7,0.37,2.0,3.9,0.504,0.519,1.1,1.4,0.77,1.0,2.9,3.8,3.3,1.2,0.3,1.0,1.3,6.9,9000000.0,16.012735135300492
Marvin Bagley III,C,20.0,SAC,13.0,6.0,25.7,6.0,12.8,0.467,0.3,1.7,0.182,5.7,11.2,0.51,0.479,1.9,2.4,0.8059999999999999,2.2,5.2,7.5,0.8,0.5,0.9,1.4,3.3,14.2,8963640.0,16.008686952453925
Cedi Osman,SF,24.0,CLE,65.0,65.0,29.4,4.1,9.4,0.43700000000000006,1.9,4.9,0.38299999999999995,2.2,4.4,0.49700000000000005,0.5379999999999999,1.0,1.4,0.67,0.6,3.0,3.6,2.4,0.8,0.2,1.4,2.5,11.0,8750000.0,15.984564258333798
Dario Šarić,PF,25.0,PHO,66.0,51.0,24.7,3.9,8.2,0.47600000000000003,1.3,3.6,0.35700000000000004,2.6,4.6,0.568,0.5539999999999999,1.6,1.9,0.8440000000000001,1.5,4.6,6.2,1.9,0.6,0.2,1.3,2.4,10.7,8333333.0,15.935774054164364
Thomas Bryant,C,22.0,WAS,46.0,36.0,24.9,5.3,9.1,0.581,0.8,2.0,0.40700000000000003,4.5,7.1,0.63,0.626,1.9,2.5,0.741,2.1,5.1,7.2,1.8,0.5,1.1,1.2,2.2,13.2,8333333.0,15.935774054164364
Maxi Kleber,PF,28.0,DAL,74.0,21.0,25.5,3.2,6.9,0.461,1.6,4.3,0.373,1.6,2.6,0.605,0.5770000000000001,1.1,1.3,0.8490000000000001,1.5,3.7,5.2,1.2,0.3,1.1,0.8,2.4,9.1,8250000.0,15.925723758310864
RJ Barrett,SG,19.0,NYK,56.0,55.0,30.4,5.2,13.0,0.402,1.1,3.5,0.32,4.1,9.5,0.43200000000000005,0.445,2.8,4.5,0.614,0.9,4.1,5.0,2.6,1.0,0.3,2.2,2.2,14.3,8231760.0,15.92351040155207
Jakob Poeltl,C,24.0,SAS,66.0,18.0,17.7,2.5,4.0,0.624,0.0,0.0,0.0,2.5,4.0,0.624,0.624,0.6,1.3,0.465,2.0,3.7,5.7,1.8,0.6,1.4,0.8,1.9,5.6,8101852.0,15.907603235483384
De'Aaron Fox,PG,22.0,SAC,51.0,49.0,32.0,7.7,16.0,0.48,1.1,3.6,0.292,6.6,12.4,0.535,0.513,4.7,6.7,0.705,0.7,3.2,3.8,6.8,1.5,0.5,3.1,2.8,21.1,8099627.0,15.907328569199645
Luka Dončić,PG,20.0,DAL,61.0,61.0,33.6,9.5,20.6,0.46299999999999997,2.8,8.9,0.316,6.7,11.7,0.574,0.531,7.0,9.2,0.758,1.3,8.1,9.4,8.8,1.0,0.2,4.3,2.5,28.8,8049360.0,15.901103143128617
Royce O'Neale,SF,26.0,UTA,71.0,62.0,28.9,2.2,5.1,0.433,1.3,3.4,0.377,0.9,1.7,0.545,0.5589999999999999,0.6,0.8,0.764,0.4,5.1,5.5,2.5,0.8,0.5,0.9,2.8,6.3,8035714.0,15.899406414437934
Mason Plumlee,C,29.0,DEN,61.0,1.0,17.3,2.9,4.7,0.615,0.0,0.1,0.0,2.9,4.6,0.625,0.615,1.4,2.5,0.535,1.6,3.6,5.2,2.5,0.5,0.6,1.3,2.3,7.2,8000000.0,15.89495209964411
Lou Williams,PG,33.0,LAC,65.0,8.0,28.7,6.0,14.4,0.418,1.7,4.8,0.35200000000000004,4.3,9.6,0.451,0.47700000000000004,4.5,5.2,0.861,0.5,2.6,3.1,5.6,0.7,0.2,2.8,1.2,18.2,8000000.0,15.89495209964411
P.J. Tucker,PF,34.0,HOU,72.0,72.0,34.3,2.5,5.9,0.415,1.5,4.2,0.358,1.0,1.8,0.551,0.541,0.5,0.7,0.813,1.6,5.1,6.6,1.6,1.1,0.5,1.0,3.2,6.9,7969537.0,15.891136956230762
Tyus Jones,PG,23.0,MEM,65.0,6.0,19.0,3.0,6.6,0.45899999999999996,0.7,1.9,0.379,2.3,4.7,0.49200000000000005,0.514,0.7,0.9,0.741,0.1,1.4,1.6,4.4,0.9,0.1,0.8,0.7,7.4,7965100.0,15.890580056175283
Seth Curry,SG,29.0,DAL,64.0,25.0,24.6,4.4,9.0,0.495,2.3,5.0,0.452,2.2,4.0,0.5489999999999999,0.621,1.3,1.5,0.825,0.4,1.8,2.3,1.9,0.6,0.1,1.0,1.8,12.4,7813953.0,15.871421539733914
De'Anthony Melton,PG,21.0,MEM,60.0,8.0,19.5,2.7,6.7,0.401,0.7,2.3,0.28600000000000003,2.0,4.4,0.46399999999999997,0.451,1.6,2.0,0.769,0.7,3.0,3.7,2.9,1.3,0.3,1.4,1.8,7.6,7812500.0,15.871235573026794
Derrick Rose,PG,31.0,DET,50.0,15.0,26.0,7.4,15.1,0.49,0.9,2.9,0.306,6.5,12.1,0.535,0.52,2.4,2.8,0.871,0.5,1.9,2.4,5.6,0.8,0.3,2.5,1.0,18.1,7682927.0,15.854511152307822
Cristiano Felício,C,27.0,CHI,22.0,0.0,17.5,1.5,2.5,0.63,0.0,0.1,0.0,1.5,2.4,0.654,0.63,0.8,1.0,0.7829999999999999,2.5,2.1,4.6,0.7,0.5,0.1,0.8,1.5,3.9,7529020.0,15.834275445224003
Rajon Rondo,PG,33.0,LAL,48.0,3.0,20.5,2.9,6.8,0.418,0.9,2.6,0.32799999999999996,2.0,4.2,0.473,0.48,0.6,0.9,0.659,0.5,2.5,3.0,5.0,0.8,0.0,1.9,1.2,7.1,7500000.0,15.830413578506539
De'Andre Hunter,SF,22.0,ATL,63.0,62.0,32.0,4.4,10.8,0.41,1.7,4.8,0.355,2.7,6.0,0.45399999999999996,0.489,1.7,2.3,0.764,0.7,3.8,4.5,1.8,0.7,0.3,1.6,2.9,12.3,7422000.0,15.81995912060268
Jonathan Isaac,PF,22.0,ORL,34.0,32.0,28.8,4.6,9.8,0.47,0.9,2.8,0.34,3.6,7.0,0.521,0.518,1.8,2.3,0.779,1.7,5.1,6.8,1.4,1.6,2.3,1.4,2.4,11.9,7362566.0,15.81191907124815
Doug McDermott,PF,28.0,IND,69.0,0.0,19.9,3.9,7.9,0.488,1.9,4.3,0.435,2.0,3.7,0.5489999999999999,0.605,0.7,0.8,0.828,0.4,2.1,2.5,1.1,0.2,0.1,0.6,1.7,10.3,7333333.0,15.807940677199934
Robin Lopez,C,31.0,MIL,66.0,5.0,14.5,2.2,4.5,0.49200000000000005,0.5,1.6,0.33299999999999996,1.7,2.9,0.5770000000000001,0.55,0.4,0.8,0.528,0.8,1.6,2.4,0.7,0.2,0.7,1.0,1.5,5.4,7300000.0,15.80338490611862
Jaren Jackson Jr.,C,20.0,MEM,57.0,57.0,28.5,6.2,13.2,0.469,2.5,6.5,0.39399999999999996,3.6,6.8,0.54,0.565,2.4,3.3,0.747,1.0,3.6,4.6,1.4,0.7,1.6,1.7,4.1,17.4,7257360.0,15.797526684305607
JaMychal Green,PF,29.0,LAC,63.0,1.0,20.7,2.4,5.6,0.429,1.5,3.8,0.387,0.9,1.8,0.518,0.56,0.6,0.8,0.75,1.2,4.9,6.2,0.8,0.5,0.4,0.9,2.8,6.8,7199760.0,15.789558250097382
Nemanja Bjelica,PF,31.0,SAC,72.0,67.0,27.9,4.4,9.1,0.48100000000000004,1.9,4.4,0.419,2.5,4.6,0.541,0.583,1.0,1.2,0.821,1.5,4.8,6.4,2.8,0.9,0.6,1.4,3.0,11.5,7150000.0,15.78262291467019
Ivica Zubac,C,22.0,LAC,72.0,70.0,18.4,3.3,5.3,0.613,0.0,0.0,0.0,3.3,5.3,0.616,0.613,1.7,2.3,0.747,2.7,4.8,7.5,1.1,0.2,0.9,0.8,2.3,8.3,7000000.0,15.761420707019587
Aron Baynes,C,33.0,PHO,42.0,28.0,22.2,4.4,9.1,0.48,1.4,4.0,0.35100000000000003,3.0,5.1,0.5820000000000001,0.5579999999999999,1.3,1.8,0.747,1.7,4.0,5.6,1.6,0.2,0.5,1.2,3.4,11.5,6975610.0,15.757930337044852
Lauri Markkanen,PF,22.0,CHI,50.0,50.0,29.8,5.0,11.8,0.425,2.2,6.3,0.344,2.8,5.5,0.518,0.517,2.5,3.1,0.8240000000000001,1.2,5.1,6.3,1.5,0.8,0.5,1.6,1.9,14.7,6731508.0,15.722309747843118
Darius Garland,SG,20.0,CLE,59.0,59.0,30.9,4.7,11.8,0.401,1.8,5.0,0.355,3.0,6.8,0.434,0.47600000000000003,1.1,1.2,0.875,0.5,1.4,1.9,3.9,0.7,0.1,2.6,1.6,12.3,6720720.0,15.720705849617088
D.J. Augustin,PG,32.0,ORL,57.0,13.0,24.9,3.2,8.1,0.39899999999999997,1.2,3.5,0.348,2.0,4.6,0.43799999999999994,0.475,2.8,3.2,0.89,0.4,1.8,2.1,4.6,0.6,0.0,1.5,1.3,10.5,6666667.0,15.712630592850154
Trae Young,PG,21.0,ATL,60.0,60.0,35.3,9.1,20.8,0.43700000000000006,3.4,9.5,0.361,5.7,11.4,0.501,0.519,8.0,9.3,0.86,0.5,3.7,4.3,9.3,1.1,0.1,4.8,1.7,29.6,6571800.0,15.698298325539893
Jabari Parker,PF,24.0,TOT,38.0,23.0,24.1,5.8,11.3,0.51,0.8,3.1,0.26899999999999996,4.9,8.2,0.603,0.5479999999999999,1.6,2.1,0.753,1.6,4.0,5.6,1.8,1.2,0.4,1.7,2.6,14.0,6500000.0,15.687312734865866
Jabari Parker,PF,24.0,ATL,32.0,23.0,26.2,6.2,12.3,0.504,1.0,3.6,0.27,5.2,8.7,0.601,0.5429999999999999,1.7,2.3,0.736,1.7,4.3,6.0,1.8,1.3,0.5,1.9,2.9,15.0,6500000.0,15.687312734865866
Jabari Parker,PF,24.0,SAC,6.0,0.0,13.3,3.5,6.0,0.583,0.2,0.7,0.25,3.3,5.3,0.625,0.597,1.3,1.5,0.889,1.2,2.7,3.8,1.7,0.5,0.2,0.7,1.0,8.5,6500000.0,15.687312734865866
Juan Hernangómez,PF,24.0,TOT,48.0,14.0,17.4,2.1,5.1,0.405,0.9,2.7,0.341,1.2,2.5,0.475,0.494,0.9,1.5,0.62,0.9,3.2,4.1,0.8,0.4,0.2,0.7,1.3,6.0,6493000.0,15.686235231490624
Juan Hernangómez,PF,24.0,DEN,34.0,0.0,12.4,1.1,3.2,0.345,0.4,1.8,0.25,0.7,1.5,0.46,0.414,0.5,0.7,0.64,0.7,2.1,2.8,0.6,0.1,0.1,0.5,0.9,3.1,6493000.0,15.686235231490624
Juan Hernangómez,PF,24.0,MIN,14.0,14.0,29.4,4.4,9.8,0.45299999999999996,2.1,4.9,0.42,2.4,4.9,0.485,0.5579999999999999,2.0,3.3,0.609,1.4,5.9,7.3,1.3,1.0,0.3,1.0,2.5,12.9,6493000.0,15.686235231490624
Chris Boucher,C,27.0,TOR,62.0,0.0,13.2,2.3,4.8,0.47200000000000003,0.6,1.9,0.322,1.7,2.9,0.569,0.535,1.5,1.9,0.784,1.7,2.7,4.5,0.4,0.4,1.0,0.5,1.8,6.6,6490385.0,15.685832408954688
Joakim Noah,C,34.0,LAC,5.0,0.0,10.0,0.8,1.6,0.5,0.0,0.0,0.0,0.8,1.6,0.5,0.5,1.2,1.6,0.75,1.0,2.2,3.2,1.4,0.2,0.2,1.2,1.8,2.8,6431666.0,15.676744160631944
Frank Ntilikina,PG,21.0,NYK,57.0,26.0,20.8,2.3,5.8,0.39299999999999996,0.8,2.4,0.321,1.5,3.4,0.444,0.45899999999999996,0.9,1.0,0.8640000000000001,0.4,1.7,2.1,3.0,0.9,0.3,1.2,2.5,6.3,6176578.0,15.63627495439056
DeMarre Carroll,SF-C,33.0,TOT,24.0,0.0,12.1,1.0,2.8,0.379,0.3,1.4,0.242,0.7,1.4,0.515,0.439,1.2,1.8,0.69,0.5,1.8,2.3,1.0,0.3,0.2,0.7,1.3,3.6,6167887.0,15.634866873694317
DeMarre Carroll,SF,33.0,SAS,15.0,0.0,9.0,0.6,1.9,0.31,0.2,0.9,0.231,0.4,1.1,0.375,0.36200000000000004,0.8,1.3,0.6,0.5,1.6,2.1,0.7,0.1,0.1,0.7,1.3,2.2,6167887.0,15.634866873694317
DeMarre Carroll,C,33.0,HOU,9.0,0.0,17.2,1.8,4.1,0.43200000000000005,0.6,2.2,0.25,1.2,1.9,0.647,0.5,1.9,2.4,0.773,0.6,2.1,2.7,1.6,0.7,0.3,0.8,1.3,6.0,6167887.0,15.634866873694317
Ish Smith,PG,31.0,WAS,68.0,23.0,26.3,4.5,10.1,0.447,0.9,2.5,0.36700000000000005,3.6,7.6,0.473,0.49200000000000005,0.9,1.3,0.721,0.4,2.8,3.2,4.9,0.9,0.4,1.4,1.6,10.9,6146341.0,15.63136750337456
Jarrett Culver,SG,20.0,MIN,63.0,35.0,23.9,3.7,9.0,0.40399999999999997,1.0,3.5,0.299,2.6,5.5,0.47100000000000003,0.462,0.9,1.9,0.462,1.1,2.3,3.4,1.7,0.9,0.6,1.3,2.0,9.2,6104280.0,15.624500722453995
Alec Burks,SF-SG,28.0,TOT,66.0,19.0,26.6,4.9,11.6,0.418,1.8,4.6,0.385,3.1,7.1,0.439,0.493,3.6,4.0,0.887,0.7,3.5,4.3,2.9,0.9,0.3,1.4,1.9,15.0,6000000.0,15.60727002719233
Alec Burks,SF,28.0,GSW,48.0,18.0,29.0,5.1,12.5,0.406,1.8,4.7,0.375,3.3,7.9,0.424,0.47600000000000003,4.2,4.7,0.897,0.8,3.9,4.7,3.1,1.0,0.4,1.6,2.2,16.1,6000000.0,15.60727002719233
Alec Burks,SG,28.0,PHI,18.0,1.0,20.2,4.3,9.3,0.461,1.8,4.3,0.41600000000000004,2.5,5.0,0.5,0.557,1.9,2.3,0.8290000000000001,0.6,2.5,3.1,2.1,0.7,0.0,0.8,1.2,12.2,6000000.0,15.60727002719233
Mo Bamba,C,21.0,ORL,62.0,0.0,14.2,2.1,4.6,0.462,0.6,1.7,0.34600000000000003,1.5,2.9,0.531,0.526,0.5,0.7,0.674,1.6,3.3,4.9,0.7,0.4,1.4,0.7,1.9,5.4,5969040.0,15.602096668418332
Justin Holiday,SF,30.0,IND,73.0,6.0,25.0,2.8,6.7,0.428,1.8,4.5,0.405,1.0,2.1,0.47700000000000004,0.5660000000000001,0.7,0.9,0.7909999999999999,0.4,2.8,3.3,1.3,1.2,0.6,0.6,1.9,8.3,5720400.0,15.559549290980918
Dennis Smith Jr.,PG,22.0,NYK,34.0,3.0,15.8,2.1,6.2,0.341,0.5,1.6,0.29600000000000004,1.6,4.6,0.35700000000000004,0.379,0.8,1.6,0.509,0.6,1.7,2.3,2.9,0.8,0.2,1.7,1.9,5.5,5686677.0,15.553636628474107
Avery Bradley,SG,29.0,LAL,49.0,44.0,24.2,3.5,7.8,0.444,1.3,3.5,0.364,2.2,4.3,0.51,0.526,0.4,0.5,0.833,0.4,2.0,2.3,1.3,0.9,0.1,1.0,2.2,8.6,5635000.0,15.544507705456013
Coby White,PG,19.0,CHI,65.0,1.0,25.8,4.8,12.2,0.39399999999999996,2.0,5.8,0.354,2.8,6.4,0.43,0.478,1.6,2.0,0.7909999999999999,0.4,3.1,3.5,2.7,0.8,0.1,1.7,1.8,13.2,5572680.0,15.533386645200965
Trey Lyles,PF,24.0,SAS,63.0,53.0,20.2,2.4,5.4,0.446,1.0,2.7,0.387,1.4,2.8,0.503,0.541,0.5,0.7,0.733,1.1,4.6,5.7,1.1,0.4,0.4,0.6,1.6,6.4,5500000.0,15.520258650202699
Wendell Carter Jr.,C,20.0,CHI,43.0,43.0,29.2,4.3,8.0,0.534,0.1,0.7,0.207,4.1,7.3,0.564,0.542,2.6,3.5,0.737,3.2,6.2,9.4,1.2,0.8,0.8,1.7,3.8,11.3,5448840.0,15.510913299948223
Zach Collins,PF,22.0,POR,11.0,11.0,26.4,2.9,6.2,0.47100000000000003,0.6,1.7,0.368,2.3,4.5,0.51,0.522,0.5,0.7,0.75,2.3,4.0,6.3,1.5,0.5,0.5,1.3,3.3,7.0,5406255.0,15.50306717451739
Malik Monk,SG,21.0,CHO,55.0,1.0,21.3,3.9,8.9,0.434,1.1,3.7,0.284,2.8,5.2,0.542,0.494,1.5,1.8,0.82,0.5,2.4,2.9,2.1,0.5,0.3,1.4,1.3,10.3,5345687.0,15.491800625519536
Luke Kennard,SG,23.0,DET,28.0,25.0,32.9,5.4,12.2,0.442,2.6,6.5,0.39899999999999997,2.8,5.7,0.491,0.5479999999999999,2.4,2.7,0.893,0.3,3.2,3.5,4.1,0.4,0.2,1.5,2.3,15.8,5273826.0,15.478266653314714
Ryan Anderson,C,31.0,HOU,2.0,0.0,7.0,1.0,3.5,0.28600000000000003,0.5,2.5,0.2,0.5,1.0,0.5,0.35700000000000004,0.0,0.0,0.0,0.0,3.5,3.5,1.0,0.5,0.0,0.5,0.5,2.5,5214583.0,15.466969681570818
Donovan Mitchell,SG,23.0,UTA,69.0,69.0,34.3,8.7,19.4,0.449,2.5,6.9,0.366,6.2,12.6,0.494,0.513,4.0,4.7,0.863,0.8,3.6,4.4,4.3,1.0,0.2,2.7,2.5,24.0,5195501.0,15.463303616749076
Bam Adebayo,PF,22.0,MIA,72.0,72.0,33.6,6.1,11.0,0.557,0.0,0.2,0.14300000000000002,6.1,10.8,0.564,0.5579999999999999,3.7,5.3,0.691,2.4,7.8,10.2,5.1,1.1,1.3,2.8,2.5,15.9,5115492.0,15.44778414042541
Jaxson Hayes,C,19.0,NOP,64.0,14.0,16.9,2.7,4.0,0.672,0.0,0.1,0.25,2.7,4.0,0.6779999999999999,0.674,1.9,3.0,0.647,1.5,2.5,4.0,0.9,0.4,0.9,0.8,2.5,7.4,5105160.0,15.445762350911501
Justin Jackson,PF,24.0,DAL,65.0,3.0,16.1,2.1,5.2,0.396,0.7,2.5,0.294,1.3,2.7,0.489,0.466,0.6,0.8,0.84,0.4,2.0,2.4,0.8,0.2,0.2,0.2,1.1,5.5,5029650.0,15.430860957149976
Richaun Holmes,C,26.0,SAC,44.0,38.0,28.2,5.1,7.8,0.648,0.0,0.0,0.0,5.1,7.8,0.648,0.648,2.1,2.7,0.7879999999999999,2.9,5.3,8.1,1.0,0.9,1.3,1.2,3.8,12.3,5005350.0,15.426017898356395
Enes Kanter,C,27.0,BOS,58.0,7.0,16.9,3.4,6.0,0.5720000000000001,0.0,0.1,0.14300000000000002,3.4,5.9,0.581,0.573,1.2,1.7,0.7070000000000001,2.8,4.6,7.4,1.0,0.4,0.7,1.0,1.7,8.1,5005350.0,15.426017898356395
Mike Scott,PF,31.0,PHI,68.0,11.0,17.8,2.2,5.1,0.426,1.2,3.2,0.369,1.0,2.0,0.519,0.54,0.4,0.5,0.8109999999999999,1.0,2.7,3.6,0.8,0.3,0.1,0.4,1.4,6.0,5005350.0,15.426017898356395
Ed Davis,C,30.0,UTA,28.0,1.0,10.8,0.8,1.6,0.478,0.0,0.0,0.0,0.8,1.6,0.478,0.478,0.3,0.5,0.5,1.3,2.5,3.8,0.4,0.4,0.3,0.5,2.2,1.8,5005350.0,15.426017898356395
Rodney McGruder,SG,28.0,LAC,56.0,4.0,15.6,1.3,3.2,0.39799999999999996,0.4,1.6,0.27,0.9,1.6,0.522,0.46399999999999997,0.3,0.6,0.5589999999999999,0.5,2.2,2.7,0.6,0.5,0.1,0.4,1.3,3.3,5000000.0,15.424948470398375
Nerlens Noel,C,25.0,OKC,61.0,7.0,18.5,3.0,4.4,0.684,0.0,0.0,0.33299999999999996,3.0,4.4,0.688,0.6859999999999999,1.3,1.7,0.755,1.5,3.4,4.9,0.9,1.0,1.5,1.1,2.7,7.4,5000000.0,15.424948470398375
Daniel Theis,C,27.0,BOS,65.0,64.0,24.1,3.7,6.6,0.5660000000000001,0.5,1.5,0.33299999999999996,3.2,5.1,0.633,0.603,1.3,1.8,0.763,2.2,4.4,6.6,1.7,0.6,1.3,0.8,3.4,9.2,5000000.0,15.424948470398375
Collin Sexton,PG,21.0,CLE,65.0,65.0,33.0,7.9,16.7,0.47200000000000003,1.5,3.9,0.38,6.4,12.8,0.501,0.517,3.5,4.1,0.846,0.9,2.2,3.1,3.0,1.0,0.1,2.4,2.2,20.8,4991880.0,15.423323150280934
Pat Connaughton,SG,27.0,MIL,67.0,4.0,18.6,2.0,4.5,0.455,0.8,2.5,0.331,1.2,2.0,0.607,0.547,0.5,0.6,0.775,0.9,3.3,4.2,1.6,0.4,0.5,0.8,1.0,5.4,4938272.0,15.412526030399814
Kevon Looney,C,23.0,GSW,20.0,4.0,13.1,1.5,4.0,0.36700000000000005,0.1,0.7,0.071,1.4,3.3,0.431,0.373,0.5,0.6,0.75,1.4,1.9,3.3,1.0,0.6,0.3,0.6,1.7,3.4,4821429.0,15.388580915116384
Josh Jackson,SF,22.0,MEM,22.0,0.0,17.3,3.2,7.2,0.44,1.0,3.3,0.319,2.1,4.0,0.54,0.513,1.6,2.3,0.7,0.5,2.5,3.0,1.6,0.8,0.4,1.3,1.8,9.0,4767000.0,15.377227734186963
Garrett Temple,SG,33.0,BRK,62.0,35.0,27.9,3.6,9.5,0.37799999999999995,2.0,6.2,0.32899999999999996,1.5,3.2,0.473,0.486,1.1,1.4,0.805,0.5,3.0,3.5,2.5,0.8,0.5,1.0,1.7,10.3,4767000.0,15.377227734186963
Kris Dunn,PG,25.0,CHI,51.0,32.0,24.9,3.0,6.7,0.444,0.6,2.2,0.259,2.4,4.5,0.535,0.48700000000000004,0.8,1.1,0.741,0.5,3.2,3.6,3.4,2.0,0.3,1.3,3.1,7.3,4767000.0,15.377227734186963
Elfrid Payton,PG,25.0,NYK,45.0,36.0,27.7,4.3,9.8,0.439,0.3,1.5,0.203,4.0,8.2,0.48200000000000004,0.455,1.1,1.9,0.57,1.2,3.6,4.7,7.2,1.6,0.4,2.1,2.0,10.0,5760000.0,15.566448032672074
Elfrid Payton,PG,25.0,NYK,45.0,36.0,27.7,4.3,9.8,0.439,0.3,1.5,0.203,4.0,8.2,0.48200000000000004,0.455,1.1,1.9,0.57,1.2,3.6,4.7,7.2,1.6,0.4,2.1,2.0,10.0,5760000.0,15.566448032672074
Rui Hachimura,PF,21.0,WAS,48.0,48.0,30.1,5.3,11.4,0.466,0.5,1.8,0.287,4.8,9.5,0.5,0.489,2.4,2.9,0.8290000000000001,1.6,4.5,6.1,1.8,0.8,0.2,1.1,2.2,13.5,4692840.0,15.361548500864872
Denzel Valentine,SF,26.0,CHI,36.0,5.0,13.6,2.7,6.6,0.409,1.3,3.8,0.336,1.4,2.8,0.51,0.506,0.2,0.2,0.75,0.3,1.8,2.1,1.2,0.7,0.2,0.7,1.4,6.8,4642800.0,15.350828190476605
Kevin Knox,SF,20.0,NYK,65.0,4.0,17.9,2.2,6.2,0.359,1.0,3.1,0.327,1.2,3.1,0.391,0.44,1.0,1.6,0.653,0.4,2.4,2.8,0.9,0.4,0.4,0.7,1.6,6.4,4588680.0,15.339102958977834
D.J. Wilson,PF,23.0,MIL,37.0,1.0,9.8,1.4,3.6,0.39399999999999996,0.5,2.0,0.247,0.9,1.6,0.5760000000000001,0.462,0.3,0.5,0.611,0.3,2.2,2.5,0.7,0.1,0.1,0.5,0.9,3.6,4548280.0,15.330259697480791
Cam Reddish,SF,20.0,ATL,58.0,34.0,26.7,3.7,9.6,0.384,1.4,4.3,0.332,2.2,5.2,0.428,0.45899999999999996,1.7,2.2,0.802,0.6,3.1,3.7,1.5,1.1,0.5,1.7,2.3,10.5,4458000.0,15.31021079292795
Mikal Bridges,SF,23.0,PHO,73.0,32.0,28.0,3.4,6.6,0.51,1.0,2.7,0.361,2.4,4.0,0.61,0.583,1.4,1.7,0.8440000000000001,0.9,3.1,4.0,1.8,1.4,0.6,1.0,2.2,9.1,4359000.0,15.28775323122053
T.J. Leaf,PF,22.0,IND,28.0,1.0,7.9,1.3,3.1,0.419,0.2,0.6,0.278,1.1,2.4,0.456,0.44799999999999995,0.3,0.6,0.43799999999999994,0.8,1.7,2.5,0.3,0.4,0.1,0.3,0.8,3.0,4326825.0,15.280344574663708
Cameron Johnson,PF,23.0,PHO,57.0,9.0,22.0,3.1,7.1,0.435,1.9,4.8,0.39,1.2,2.3,0.526,0.565,0.8,1.0,0.807,0.9,2.4,3.3,1.2,0.6,0.4,0.6,1.5,8.8,4235160.0,15.258931665756046
JaVale McGee,C,32.0,LAL,68.0,68.0,16.6,2.9,4.5,0.637,0.0,0.1,0.5,2.8,4.4,0.64,0.642,0.8,1.2,0.6459999999999999,1.8,3.9,5.7,0.5,0.5,1.4,0.8,2.3,6.6,4200000.0,15.250595083253597
Reggie Bullock,SG,28.0,NYK,29.0,19.0,23.6,3.1,7.7,0.402,1.3,3.8,0.33299999999999996,1.8,3.9,0.469,0.484,0.6,0.7,0.81,0.4,1.9,2.3,1.4,0.9,0.1,0.7,1.9,8.1,4200000.0,15.250595083253597
Shai Gilgeous-Alexander,SG,21.0,OKC,70.0,70.0,34.7,6.8,14.5,0.47100000000000003,1.2,3.6,0.34700000000000003,5.6,10.9,0.512,0.514,4.1,5.1,0.807,0.7,5.2,5.9,3.3,1.1,0.7,1.9,1.7,19.0,4141320.0,15.236525135562351
John Collins,PF,22.0,ATL,41.0,41.0,33.2,8.6,14.8,0.583,1.4,3.6,0.401,7.2,11.2,0.642,0.632,2.9,3.7,0.8,2.8,7.3,10.1,1.5,0.8,1.6,1.8,3.4,21.6,4137302.0,15.235554442537476
Nicolò Melli,C,29.0,NOP,60.0,8.0,17.4,2.3,5.4,0.42100000000000004,1.2,3.4,0.335,1.1,2.0,0.573,0.528,0.9,1.2,0.74,0.6,2.4,3.0,1.4,0.6,0.4,0.8,2.1,6.6,4097561.0,15.225902476615607
P.J. Washington,PF,21.0,CHO,58.0,57.0,30.3,4.6,10.2,0.455,1.5,4.0,0.374,3.1,6.2,0.507,0.528,1.5,2.3,0.647,1.0,4.4,5.4,2.1,0.9,0.8,1.6,2.7,12.2,4023600.0,15.20768758224232
Willie Cauley-Stein,C,26.0,TOT,54.0,39.0,20.3,3.2,5.6,0.579,0.0,0.0,0.0,3.2,5.6,0.581,0.579,0.7,1.2,0.606,1.6,4.3,5.8,1.3,0.9,1.1,0.7,2.2,7.2,4000000.0,15.201804919084164
Willie Cauley-Stein,C,26.0,GSW,41.0,37.0,22.9,3.5,6.3,0.56,0.0,0.0,0.0,3.5,6.3,0.56,0.56,0.9,1.4,0.614,1.7,4.5,6.2,1.5,1.1,1.2,0.9,2.5,7.9,4000000.0,15.201804919084164
Willie Cauley-Stein,C,26.0,DAL,13.0,2.0,12.1,2.4,3.5,0.6890000000000001,0.0,0.1,0.0,2.4,3.4,0.705,0.6890000000000001,0.4,0.7,0.556,1.0,3.6,4.6,0.8,0.3,0.8,0.4,1.5,5.2,4000000.0,15.201804919084164
Dorian Finney-Smith,PF,26.0,DAL,71.0,68.0,29.9,3.4,7.4,0.466,1.6,4.3,0.376,1.8,3.1,0.589,0.575,1.1,1.5,0.722,2.0,3.7,5.7,1.6,0.6,0.5,1.0,2.5,9.5,4000000.0,15.201804919084164
Patrick McCaw,SF,24.0,TOR,37.0,12.0,24.5,1.8,4.4,0.414,0.6,1.9,0.324,1.2,2.5,0.484,0.485,0.4,0.5,0.722,0.5,1.8,2.3,2.1,1.1,0.1,0.8,1.6,4.6,4000000.0,15.201804919084164
Terrance Ferguson,SF,21.0,OKC,56.0,38.0,22.4,1.4,3.9,0.355,0.9,3.0,0.292,0.5,0.9,0.5579999999999999,0.466,0.3,0.4,0.75,0.4,0.9,1.3,0.9,0.5,0.3,0.6,2.8,3.9,3944013.0,15.187709290845275
Miles Bridges,SF,21.0,CHO,65.0,64.0,30.7,4.9,11.6,0.424,1.5,4.6,0.33,3.4,7.0,0.486,0.489,1.6,2.0,0.809,1.4,4.2,5.6,1.8,0.6,0.7,1.5,2.0,13.0,3934320.0,15.185248616768448
Jarrett Allen,C,21.0,BRK,70.0,64.0,26.5,4.3,6.6,0.649,0.0,0.1,0.0,4.3,6.6,0.6579999999999999,0.649,2.4,3.9,0.633,3.1,6.5,9.6,1.6,0.6,1.3,1.1,2.3,11.1,3909902.0,15.179022867708824
OG Anunoby,SF,22.0,TOR,69.0,68.0,29.9,4.1,8.2,0.505,1.3,3.3,0.39,2.9,4.9,0.583,0.584,1.0,1.5,0.706,1.2,4.1,5.3,1.6,1.4,0.7,1.1,2.4,10.6,3872215.0,15.16933725269655
Tyler Herro,SG,20.0,MIA,55.0,8.0,27.4,4.9,11.5,0.428,2.1,5.4,0.389,2.8,6.1,0.462,0.52,1.6,1.8,0.87,0.3,3.8,4.1,2.2,0.6,0.2,1.6,1.4,13.5,3822240.0,15.156347196159382
Stanley Johnson,PF,23.0,TOR,25.0,0.0,6.0,0.9,2.4,0.373,0.3,1.0,0.292,0.6,1.4,0.429,0.43200000000000005,0.4,0.6,0.563,0.3,1.2,1.5,0.8,0.2,0.2,0.6,0.6,2.4,3801000.0,15.150774747971386
Jake Layman,SF,25.0,MIN,23.0,2.0,22.0,3.5,7.8,0.45299999999999996,1.0,3.1,0.33299999999999996,2.5,4.7,0.5329999999999999,0.52,1.0,1.4,0.75,0.7,1.7,2.5,0.7,0.7,0.4,1.0,2.0,9.1,3761085.0,15.14021803756933
Danuel House,SF,26.0,HOU,63.0,52.0,30.4,3.7,8.6,0.42700000000000005,2.0,5.6,0.363,1.6,2.9,0.5489999999999999,0.546,1.2,1.4,0.8109999999999999,0.9,3.3,4.2,1.3,1.1,0.5,0.9,2.1,10.5,3717000.0,15.128427449279389
Romeo Langford,SG,20.0,BOS,32.0,2.0,11.6,0.9,2.5,0.35,0.2,0.8,0.185,0.7,1.7,0.434,0.381,0.6,0.8,0.72,0.5,0.8,1.3,0.4,0.3,0.3,0.3,1.0,2.5,3631200.0,15.105073730124392
Bobby Portis,PF,24.0,NYK,66.0,5.0,21.1,4.0,8.9,0.45,1.0,2.8,0.358,3.0,6.1,0.493,0.507,1.1,1.4,0.763,1.2,3.9,5.1,1.5,0.5,0.3,1.1,1.7,10.1,3623000.0,15.102812969877215
Maurice Harkless,PF-SF,26.0,TOT,62.0,48.0,23.0,2.3,4.6,0.502,0.5,1.6,0.34700000000000003,1.7,3.0,0.584,0.562,0.6,1.1,0.591,0.9,3.0,3.9,1.1,0.9,0.5,0.9,2.4,5.8,3623000.0,15.102812969877215
Maurice Harkless,PF,26.0,LAC,50.0,38.0,22.8,2.2,4.3,0.516,0.5,1.5,0.37,1.7,2.9,0.59,0.578,0.5,0.8,0.5710000000000001,0.9,3.1,4.0,1.0,1.0,0.6,0.9,2.4,5.5,3623000.0,15.102812969877215
Maurice Harkless,SF,26.0,NYK,12.0,10.0,23.8,2.5,5.5,0.455,0.6,2.1,0.28,1.9,3.4,0.561,0.508,1.3,2.0,0.625,0.7,2.7,3.3,1.7,0.8,0.3,0.6,2.3,6.8,3623000.0,15.102812969877215
Wesley Matthews,SG,33.0,MIL,67.0,67.0,24.4,2.5,6.3,0.396,1.6,4.4,0.364,0.9,1.9,0.47200000000000003,0.524,0.8,1.0,0.765,0.3,2.1,2.5,1.4,0.6,0.1,0.6,1.5,7.4,3623000.0,15.102812969877215
Kyle Kuzma,PF,24.0,LAL,61.0,9.0,25.0,4.8,11.0,0.436,1.4,4.5,0.316,3.4,6.5,0.518,0.5,1.9,2.5,0.735,0.9,3.6,4.5,1.3,0.5,0.4,1.5,2.1,12.8,3562178.0,15.085882713509074
Michael Porter Jr.,SF,21.0,DEN,55.0,8.0,16.4,3.5,7.0,0.509,1.1,2.7,0.42200000000000004,2.4,4.3,0.564,0.59,1.1,1.3,0.833,1.2,3.5,4.7,0.8,0.5,0.5,0.9,1.8,9.3,3550800.0,15.0826834881763
Jevon Carter,PG,24.0,PHO,58.0,2.0,16.3,1.7,4.2,0.41600000000000004,1.1,2.5,0.425,0.7,1.7,0.402,0.5429999999999999,0.4,0.5,0.852,0.5,1.5,2.0,1.4,0.8,0.3,0.6,1.5,4.9,3549383.0,15.082284343529237
Tony Bradley,C,22.0,UTA,58.0,3.0,11.4,2.2,3.3,0.667,0.1,0.1,1.0,2.1,3.2,0.6609999999999999,0.675,0.5,0.8,0.652,1.9,2.7,4.6,0.4,0.2,0.6,0.5,2.0,4.9,3542060.0,15.0802190367636
Derrick White,SG,25.0,SAS,68.0,20.0,24.7,3.7,8.1,0.45799999999999996,1.2,3.2,0.366,2.6,4.9,0.518,0.53,2.6,3.1,0.853,0.5,2.8,3.3,3.5,0.6,0.9,1.3,2.2,11.3,3516284.0,15.072915308131563
Boban Marjanović,C,31.0,DAL,44.0,5.0,9.6,2.8,4.8,0.573,0.1,0.4,0.235,2.7,4.4,0.603,0.583,1.0,1.3,0.754,1.5,3.0,4.5,0.5,0.2,0.2,0.7,1.3,6.6,3500000.0,15.068273526459642
T.J. McConnell,PG,27.0,IND,71.0,3.0,18.7,3.0,5.8,0.516,0.1,0.2,0.294,2.9,5.5,0.525,0.522,0.5,0.6,0.833,0.5,2.1,2.7,5.0,0.8,0.2,1.4,1.0,6.5,3500000.0,15.068273526459642
Josh Hart,SF,24.0,NOP,65.0,16.0,27.0,3.5,8.2,0.423,1.9,5.4,0.342,1.6,2.7,0.584,0.537,1.3,1.8,0.7390000000000001,0.9,5.6,6.5,1.7,1.0,0.4,1.2,2.5,10.1,3491159.0,15.065744330738914
Sekou Doumbouya,PF,19.0,DET,38.0,19.0,19.8,2.4,6.2,0.39,0.7,2.6,0.28600000000000003,1.7,3.6,0.46399999999999997,0.449,0.8,1.2,0.674,0.5,2.6,3.1,0.5,0.5,0.2,0.9,2.1,6.4,3449400.0,15.053710860839438
Troy Brown Jr.,SF,20.0,WAS,69.0,22.0,25.8,4.0,9.0,0.439,0.9,2.6,0.341,3.1,6.4,0.479,0.488,1.6,2.0,0.784,1.1,4.4,5.6,2.6,1.2,0.1,1.1,1.9,10.4,3372840.0,15.031265677401343
James Ennis,SF-SG,29.0,TOT,69.0,18.0,18.3,2.3,5.2,0.446,0.8,2.4,0.325,1.5,2.8,0.5529999999999999,0.522,1.1,1.4,0.8059999999999999,1.0,2.5,3.6,0.9,0.5,0.3,0.8,2.0,6.6,3300000.0,15.009433026436708
James Ennis,SF,29.0,PHI,49.0,0.0,15.8,2.0,4.6,0.442,0.8,2.2,0.349,1.3,2.4,0.525,0.524,1.0,1.2,0.787,1.0,2.1,3.1,0.8,0.5,0.3,0.6,1.7,5.8,3300000.0,15.009433026436708
James Ennis,SG,29.0,ORL,20.0,18.0,24.5,3.0,6.7,0.451,0.9,3.2,0.28600000000000003,2.1,3.5,0.6,0.519,1.6,1.9,0.838,1.2,3.6,4.8,1.1,0.6,0.4,1.4,2.6,8.5,3300000.0,15.009433026436708
Zhaire Smith,SF,20.0,PHI,7.0,0.0,4.6,0.4,1.6,0.273,0.0,0.4,0.0,0.4,1.1,0.375,0.273,0.3,0.6,0.5,0.0,0.3,0.3,0.3,0.4,0.0,0.3,0.6,1.1,3204600.0,14.980097835555917
Trey Burke,PG,27.0,TOT,33.0,1.0,15.8,2.8,6.3,0.45,1.0,2.3,0.42700000000000005,1.9,4.1,0.46299999999999997,0.526,0.7,0.9,0.7929999999999999,0.5,1.0,1.5,2.5,0.5,0.1,0.6,1.0,7.4,3174603.0,14.970693143120776
Trey Burke,PG,27.0,PHI,25.0,0.0,13.2,2.4,5.1,0.465,0.6,1.5,0.42100000000000004,1.7,3.6,0.483,0.528,0.5,0.7,0.722,0.6,0.8,1.4,2.1,0.3,0.0,0.5,0.8,5.9,3174603.0,14.970693143120776
Trey Burke,PG,27.0,DAL,8.0,1.0,23.9,4.4,10.3,0.42700000000000005,2.0,4.6,0.43200000000000005,2.4,5.6,0.42200000000000004,0.524,1.3,1.4,0.909,0.1,1.8,1.9,3.8,1.1,0.1,1.1,1.5,12.0,3174603.0,14.970693143120776
Austin Rivers,SG,27.0,HOU,68.0,4.0,23.4,3.1,7.4,0.42100000000000004,1.4,4.0,0.35600000000000004,1.7,3.4,0.498,0.517,1.1,1.6,0.703,0.4,2.2,2.6,1.7,0.7,0.1,0.7,1.9,8.8,3174603.0,14.970693143120776
Nickeil Alexander-Walker,SG,21.0,NOP,47.0,1.0,12.6,2.1,5.7,0.368,1.0,2.8,0.34600000000000003,1.1,2.8,0.391,0.455,0.5,0.8,0.6759999999999999,0.2,1.6,1.8,1.9,0.4,0.2,1.1,1.2,5.7,3113160.0,14.95114884546883
Patrick Patterson,PF,30.0,LAC,59.0,18.0,13.2,1.6,3.9,0.408,1.1,2.9,0.39,0.5,1.0,0.45899999999999996,0.552,0.6,0.7,0.8140000000000001,0.6,2.0,2.6,0.7,0.1,0.1,0.4,0.9,4.9,3814768.0,15.15439040826962
Patrick Patterson,PF,30.0,LAC,59.0,18.0,13.2,1.6,3.9,0.408,1.1,2.9,0.39,0.5,1.0,0.45899999999999996,0.552,0.6,0.7,0.8140000000000001,0.6,2.0,2.6,0.7,0.1,0.1,0.4,0.9,4.9,3814768.0,15.15439040826962
Donte DiVincenzo,SG,23.0,MIL,66.0,24.0,23.0,3.5,7.7,0.455,1.3,3.7,0.336,2.3,4.0,0.5670000000000001,0.536,1.0,1.3,0.733,1.0,3.8,4.8,2.3,1.3,0.3,1.4,1.7,9.2,3044160.0,14.928735559000229
Michael Carter-Williams,SG,28.0,ORL,45.0,0.0,18.5,2.5,5.8,0.42700000000000005,0.5,1.7,0.293,2.0,4.1,0.48100000000000004,0.469,1.8,2.1,0.8320000000000001,1.0,2.2,3.3,2.4,1.1,0.5,1.2,1.9,7.2,3000000.0,14.914122846632385
Khem Birch,C,27.0,ORL,48.0,24.0,19.2,1.5,3.0,0.51,0.0,0.0,0.0,1.5,3.0,0.514,0.51,1.4,2.1,0.653,1.9,2.7,4.6,1.0,0.4,0.5,0.6,1.9,4.4,3000000.0,14.914122846632385
Ryan Arcidiacono,PG,25.0,CHI,58.0,4.0,16.0,1.6,3.8,0.409,0.9,2.4,0.391,0.6,1.4,0.439,0.532,0.5,0.7,0.711,0.3,1.6,1.9,1.7,0.5,0.1,0.6,1.7,4.5,3000000.0,14.914122846632385
Goga Bitadze,C,20.0,IND,54.0,2.0,8.7,1.3,2.8,0.467,0.1,0.8,0.19,1.1,2.0,0.574,0.493,0.4,0.6,0.727,0.5,1.5,2.0,0.4,0.2,0.7,0.5,1.2,3.2,2957520.0,14.899861637280114
Lonnie Walker,SG,21.0,SAS,61.0,12.0,16.2,2.5,5.9,0.426,0.7,1.7,0.406,1.8,4.2,0.434,0.483,0.7,1.0,0.721,0.4,1.9,2.3,1.1,0.5,0.2,0.7,1.3,6.4,2892000.0,14.877458862260792
Dewayne Dedmon,C,30.0,TOT,44.0,18.0,17.6,2.3,5.8,0.4,0.5,2.4,0.20600000000000002,1.8,3.4,0.541,0.44299999999999995,0.7,0.8,0.833,1.4,4.3,5.7,0.5,0.6,0.9,1.3,3.0,5.8,2866667.0,14.86866058883469
Dewayne Dedmon,C,30.0,SAC,34.0,10.0,15.9,2.0,5.0,0.40399999999999997,0.4,2.1,0.19699999999999998,1.6,2.9,0.55,0.444,0.7,0.8,0.821,1.4,3.6,4.9,0.4,0.4,0.8,1.4,2.7,5.1,2866667.0,14.86866058883469
Dewayne Dedmon,C,30.0,ATL,10.0,8.0,23.3,3.3,8.4,0.39299999999999996,0.8,3.6,0.222,2.5,4.8,0.521,0.44,0.7,0.8,0.875,1.4,6.8,8.2,0.7,1.0,1.5,1.0,4.0,8.1,2866667.0,14.86866058883469
Luka Šamanić,PF,20.0,SAS,3.0,1.0,16.0,1.7,5.3,0.313,1.0,2.7,0.375,0.7,2.7,0.25,0.406,1.0,1.3,0.75,0.3,3.0,3.3,2.0,0.0,0.7,0.7,2.0,5.3,2824320.0,14.853778185623264
Kevin Huerter,SG,21.0,ATL,56.0,48.0,31.4,4.5,10.9,0.413,2.3,6.0,0.38,2.2,4.9,0.45299999999999996,0.517,0.9,1.1,0.828,0.6,3.4,4.1,3.8,0.9,0.5,1.6,2.5,12.2,2761920.0,14.83143664801343
Marko Guduric,SG,24.0,MEM,44.0,0.0,11.0,1.4,3.6,0.395,0.6,1.9,0.301,0.8,1.7,0.5,0.475,0.5,0.6,0.9229999999999999,0.3,1.3,1.7,1.0,0.3,0.2,0.8,0.8,3.9,2750000.0,14.827111469642754
Alex Caruso,PG,25.0,LAL,64.0,2.0,18.4,1.9,4.5,0.41200000000000003,0.6,1.9,0.33299999999999996,1.3,2.7,0.46799999999999997,0.48100000000000004,1.1,1.5,0.7340000000000001,0.3,1.7,1.9,1.9,1.1,0.3,0.8,1.5,5.5,2750000.0,14.827111469642754
Matisse Thybulle,SG,22.0,PHI,65.0,14.0,19.8,1.7,4.1,0.423,0.9,2.4,0.35700000000000004,0.9,1.7,0.519,0.528,0.4,0.6,0.61,0.7,1.0,1.6,1.2,1.4,0.7,0.8,2.2,4.7,2711280.0,14.81293140606892
Josh Okogie,SG,21.0,MIN,62.0,28.0,25.0,2.7,6.4,0.42700000000000005,0.7,2.5,0.266,2.1,3.9,0.529,0.479,2.5,3.1,0.7959999999999999,1.4,2.9,4.3,1.6,1.1,0.4,1.4,2.2,8.6,2651040.0,14.790462573803124
Vincent Poirier,C,26.0,BOS,22.0,0.0,5.9,0.8,1.6,0.47200000000000003,0.0,0.1,0.5,0.7,1.5,0.47100000000000003,0.486,0.3,0.3,0.857,0.6,1.4,2.0,0.4,0.1,0.4,0.4,1.1,1.9,2619207.0,14.778382158167213
Brandon Clarke,PF,23.0,MEM,58.0,4.0,22.4,5.1,8.3,0.618,0.4,1.1,0.359,4.7,7.2,0.6579999999999999,0.642,1.5,1.9,0.759,1.6,4.4,5.9,1.4,0.6,0.8,0.9,1.7,12.1,2602920.0,14.772144449735682
Marc Gasol,C,35.0,TOR,44.0,43.0,26.4,2.7,6.3,0.42700000000000005,1.3,3.4,0.385,1.4,3.0,0.473,0.529,0.8,1.1,0.735,0.7,5.5,6.3,3.3,0.8,0.9,1.3,2.8,7.5,2564753.0,14.757372735653925
Carmelo Anthony,PF,35.0,POR,58.0,58.0,32.8,5.8,13.5,0.43,1.5,3.9,0.385,4.3,9.6,0.44799999999999995,0.485,2.3,2.8,0.845,1.2,5.1,6.3,1.5,0.8,0.5,1.7,2.9,15.4,2564753.0,14.757372735653925
Dwight Howard,C,34.0,LAL,69.0,2.0,18.9,2.9,4.0,0.7290000000000001,0.0,0.1,0.6,2.9,3.9,0.732,0.735,1.6,3.1,0.514,2.5,4.9,7.3,0.7,0.4,1.1,1.2,3.2,7.5,2564753.0,14.757372735653925
Udonis Haslem,C,39.0,MIA,4.0,1.0,11.0,1.0,2.8,0.364,0.3,0.8,0.33299999999999996,0.8,2.0,0.375,0.409,0.8,1.0,0.75,0.3,3.8,4.0,0.3,0.0,0.0,0.3,1.5,3.0,2564753.0,14.757372735653925
Jared Dudley,PF,34.0,LAL,45.0,1.0,8.1,0.5,1.3,0.4,0.4,0.9,0.429,0.1,0.4,0.33299999999999996,0.55,0.0,0.0,1.0,0.1,1.0,1.2,0.6,0.3,0.1,0.2,0.9,1.5,2564753.0,14.757372735653925
Wayne Ellington,SG,32.0,NYK,36.0,1.0,15.5,1.7,4.8,0.35100000000000003,1.4,4.0,0.35,0.3,0.9,0.355,0.494,0.3,0.4,0.846,0.1,1.7,1.8,1.2,0.4,0.1,0.5,1.1,5.1,3005225.0,14.915862998356424
Wayne Ellington,SG,32.0,NYK,36.0,1.0,15.5,1.7,4.8,0.35100000000000003,1.4,4.0,0.35,0.3,0.9,0.355,0.494,0.3,0.4,0.846,0.1,1.7,1.8,1.2,0.4,0.1,0.5,1.1,5.1,3005225.0,14.915862998356424
J.J. Barea,PG,35.0,DAL,29.0,6.0,15.5,2.9,7.1,0.41100000000000003,1.1,2.9,0.376,1.8,4.2,0.434,0.488,0.7,0.8,0.909,0.3,1.5,1.8,3.9,0.2,0.1,1.3,0.9,7.7,2564753.0,14.757372735653925
Jeff Green,PF-C,33.0,TOT,48.0,4.0,20.0,3.3,7.2,0.462,1.3,3.8,0.33899999999999997,2.0,3.4,0.602,0.552,1.5,1.9,0.802,0.5,2.3,2.8,1.0,0.5,0.4,0.9,1.9,9.4,2564753.0,14.757372735653925
Jeff Green,PF,33.0,UTA,30.0,2.0,18.4,2.5,6.5,0.385,1.1,3.5,0.327,1.4,3.0,0.451,0.47200000000000003,1.6,2.1,0.778,0.5,2.2,2.7,0.7,0.4,0.3,0.9,1.5,7.8,2564753.0,14.757372735653925
Jeff Green,C,33.0,HOU,18.0,2.0,22.6,4.7,8.3,0.564,1.6,4.4,0.354,3.1,3.9,0.8,0.6579999999999999,1.3,1.6,0.857,0.6,2.3,2.9,1.7,0.8,0.5,0.8,2.4,12.2,2564753.0,14.757372735653925
Jeff Teague,PG,31.0,TOT,59.0,17.0,24.8,3.6,8.3,0.436,0.7,2.0,0.368,2.9,6.3,0.457,0.48,2.9,3.3,0.873,0.5,1.9,2.4,5.2,0.7,0.3,2.0,1.8,10.9,2564753.0,14.757372735653925
Jeff Teague,PG,31.0,MIN,34.0,13.0,27.8,4.3,9.5,0.44799999999999995,1.0,2.6,0.379,3.3,7.0,0.473,0.498,3.7,4.2,0.868,0.4,2.1,2.6,6.1,0.7,0.4,2.2,2.1,13.2,2564753.0,14.757372735653925
Jeff Teague,PG,31.0,ATL,25.0,4.0,20.8,2.7,6.6,0.41200000000000003,0.4,1.2,0.33299999999999996,2.3,5.4,0.43,0.442,1.9,2.1,0.887,0.5,1.7,2.2,4.0,0.8,0.2,1.6,1.4,7.7,2564753.0,14.757372735653925
Grayson Allen,SG,24.0,MEM,38.0,0.0,18.9,3.1,6.6,0.466,1.5,3.7,0.40399999999999997,1.6,2.9,0.545,0.58,1.0,1.2,0.867,0.2,2.0,2.2,1.4,0.3,0.1,0.9,1.4,8.7,2545320.0,14.749766936801262
Grant Williams,PF,21.0,BOS,69.0,5.0,15.1,1.3,3.1,0.41200000000000003,0.3,1.4,0.25,0.9,1.7,0.5479999999999999,0.469,0.6,0.8,0.722,0.9,1.7,2.6,1.0,0.4,0.5,0.7,2.4,3.4,2498760.0,14.73130516678974
Chandler Hutchison,SF,23.0,CHI,28.0,10.0,18.8,2.9,6.3,0.457,0.4,1.4,0.316,2.4,4.9,0.496,0.491,1.6,2.8,0.59,0.6,3.2,3.9,0.9,1.0,0.3,1.0,1.7,7.8,2443440.0,14.708917440449188
Darius Bazley,PF,19.0,OKC,61.0,9.0,18.5,2.0,5.2,0.39399999999999996,0.8,2.3,0.348,1.2,2.9,0.43200000000000005,0.47200000000000003,0.7,1.0,0.6940000000000001,0.5,3.5,4.0,0.7,0.4,0.7,0.7,0.9,5.6,2399160.0,14.690629234053878
Aaron Holiday,PG,23.0,IND,66.0,33.0,24.5,3.5,8.5,0.414,1.3,3.3,0.39399999999999996,2.2,5.2,0.42700000000000005,0.491,1.1,1.3,0.851,0.3,2.0,2.4,3.4,0.8,0.2,1.3,1.8,9.5,2345640.0,14.668068843735067
Bryn Forbes,SG,26.0,SAS,63.0,62.0,25.1,3.8,9.2,0.41700000000000004,2.3,6.0,0.38799999999999996,1.5,3.2,0.47,0.544,1.2,1.4,0.833,0.2,1.8,2.0,1.7,0.5,0.0,0.9,1.8,11.2,2337145.0,14.664440656953557
E'Twaun Moore,SG,30.0,NOP,56.0,6.0,18.2,3.3,7.8,0.426,1.1,3.0,0.377,2.2,4.8,0.456,0.498,0.6,0.8,0.6890000000000001,0.6,1.8,2.3,1.4,0.6,0.2,0.7,1.4,8.3,2331593.0,14.662062282918797
Markieff Morris,PF,30.0,TOT,58.0,17.0,20.5,3.5,7.9,0.44299999999999995,1.5,3.9,0.386,2.0,4.0,0.5,0.539,1.1,1.5,0.7759999999999999,0.7,3.1,3.8,1.3,0.5,0.3,1.3,2.3,9.7,2331593.0,14.662062282918797
Markieff Morris,PF,30.0,DET,44.0,16.0,22.5,4.0,8.8,0.45,1.7,4.3,0.397,2.3,4.5,0.5,0.546,1.4,1.8,0.772,0.5,3.4,3.9,1.6,0.6,0.3,1.6,2.4,11.0,2331593.0,14.662062282918797
Markieff Morris,PF,30.0,LAL,14.0,1.0,14.2,2.0,4.9,0.406,0.9,2.8,0.33299999999999996,1.1,2.1,0.5,0.5,0.4,0.4,0.833,1.1,2.1,3.2,0.6,0.4,0.4,0.4,2.1,5.3,2331593.0,14.662062282918797
Reggie Jackson,SG-PG,29.0,TOT,31.0,16.0,24.0,4.3,10.5,0.41100000000000003,1.8,4.7,0.39299999999999996,2.5,5.8,0.425,0.498,1.5,1.7,0.833,0.5,2.4,3.0,4.1,0.4,0.2,1.6,1.9,11.9,2331593.0,14.662062282918797
Reggie Jackson,PG,29.0,DET,14.0,10.0,27.2,5.4,14.1,0.384,2.2,5.9,0.37799999999999995,3.2,8.3,0.38799999999999996,0.462,1.9,2.4,0.7879999999999999,0.8,2.1,2.9,5.1,0.6,0.1,1.6,1.5,14.9,2331593.0,14.662062282918797
Reggie Jackson,SG,29.0,LAC,17.0,6.0,21.3,3.4,7.5,0.45299999999999996,1.5,3.7,0.413,1.9,3.8,0.49200000000000005,0.555,1.1,1.2,0.905,0.4,2.6,3.0,3.2,0.3,0.2,1.6,2.2,9.5,2331593.0,14.662062282918797
Bismack Biyombo,C,27.0,CHO,53.0,29.0,19.4,2.8,5.2,0.5429999999999999,0.0,0.0,0.0,2.8,5.2,0.5429999999999999,0.5429999999999999,1.7,2.8,0.603,2.3,3.5,5.8,0.9,0.2,0.9,0.9,2.2,7.4,2331593.0,14.662062282918797
Hassan Whiteside,C,30.0,POR,67.0,61.0,30.0,6.5,10.5,0.621,0.1,0.1,0.5710000000000001,6.4,10.4,0.622,0.624,2.4,3.6,0.6859999999999999,3.9,9.7,13.5,1.2,0.4,2.9,1.8,2.9,15.5,2320044.0,14.657096708979891
Kent Bazemore,SF,30.0,TOT,68.0,21.0,24.8,2.9,7.9,0.375,1.2,3.6,0.344,1.7,4.3,0.4,0.45299999999999996,1.7,2.2,0.769,0.4,3.9,4.3,1.4,1.1,0.6,1.3,2.9,8.8,2320044.0,14.657096708979891
Kent Bazemore,SF,30.0,POR,43.0,21.0,25.8,2.6,7.6,0.34700000000000003,1.3,4.0,0.327,1.3,3.6,0.368,0.433,1.3,1.7,0.8059999999999999,0.3,3.7,4.0,1.4,1.0,0.7,1.4,2.8,7.9,2320044.0,14.657096708979891
Kent Bazemore,SF,30.0,SAC,25.0,0.0,23.1,3.5,8.3,0.418,1.1,2.9,0.384,2.4,5.4,0.43700000000000006,0.486,2.2,3.0,0.733,0.6,4.3,4.9,1.3,1.2,0.4,1.2,3.0,10.3,2320044.0,14.657096708979891
Alex Len,C,26.0,TOT,55.0,12.0,17.6,3.2,5.8,0.555,0.3,1.1,0.271,2.9,4.7,0.619,0.58,1.2,1.9,0.648,1.8,4.0,5.8,0.9,0.4,0.9,1.0,2.3,8.0,2320000.0,14.657077743642493
Alex Len,C,26.0,ATL,40.0,9.0,18.6,3.6,6.5,0.546,0.4,1.4,0.25,3.2,5.1,0.627,0.573,1.3,2.0,0.63,1.7,4.0,5.8,1.1,0.5,0.8,1.0,2.3,8.7,2320000.0,14.657077743642493
Alex Len,C,26.0,SAC,15.0,3.0,15.0,2.3,3.9,0.593,0.1,0.2,0.667,2.2,3.7,0.589,0.61,1.1,1.6,0.708,2.1,4.0,6.1,0.5,0.2,1.0,1.1,2.3,5.9,2320000.0,14.657077743642493
Luke Kornet,C,24.0,CHI,36.0,14.0,15.5,2.3,5.2,0.439,0.9,3.0,0.287,1.4,2.2,0.6459999999999999,0.521,0.6,0.8,0.7140000000000001,0.6,1.7,2.3,0.9,0.3,0.7,0.4,1.5,6.0,2304878.0,14.650538304595642
Ty Jerome,SG,22.0,PHO,31.0,0.0,10.6,1.2,3.6,0.336,0.5,1.6,0.28,0.8,2.0,0.381,0.39799999999999996,0.4,0.5,0.75,0.2,1.3,1.5,1.4,0.5,0.1,0.6,0.9,3.3,2303040.0,14.649740547301576
Taj Gibson,C,34.0,NYK,62.0,56.0,16.5,2.7,4.6,0.584,0.1,0.2,0.28600000000000003,2.6,4.4,0.599,0.591,0.7,0.9,0.732,1.8,2.5,4.3,0.8,0.4,0.5,0.8,2.0,6.1,3283684.0,15.004476520807687
Taj Gibson,C,34.0,NYK,62.0,56.0,16.5,2.7,4.6,0.584,0.1,0.2,0.28600000000000003,2.6,4.4,0.599,0.591,0.7,0.9,0.732,1.8,2.5,4.3,0.8,0.4,0.5,0.8,2.0,6.1,3283684.0,15.004476520807687
Mike Muscala,C,28.0,OKC,47.0,2.0,12.2,1.6,4.0,0.40700000000000003,1.1,3.0,0.37799999999999995,0.5,1.0,0.5,0.55,0.4,0.5,0.818,0.3,2.0,2.3,0.9,0.2,0.3,0.4,1.2,4.8,2283034.0,14.641015818086101
Ben McLemore,SF,26.0,HOU,71.0,23.0,22.8,3.4,7.7,0.444,2.5,6.4,0.4,0.9,1.3,0.6559999999999999,0.61,0.7,0.9,0.746,0.3,1.9,2.2,0.8,0.6,0.2,0.7,2.2,10.1,2283034.0,14.641015818086101
Anfernee Simons,SG,20.0,POR,70.0,4.0,20.7,3.1,7.7,0.39899999999999997,1.1,3.2,0.332,2.0,4.4,0.44799999999999995,0.469,1.1,1.3,0.826,0.4,1.8,2.2,1.4,0.4,0.1,0.9,1.9,8.3,2252040.0,14.627347030073318
Brad Wanamaker,PG,30.0,BOS,71.0,1.0,19.3,2.3,5.1,0.44799999999999995,0.5,1.4,0.363,1.8,3.7,0.48100000000000004,0.499,1.8,1.9,0.9259999999999999,0.3,1.7,2.0,2.5,0.9,0.2,1.1,1.9,6.9,2250000.0,14.626440774180603
Nassir Little,PF,19.0,POR,48.0,5.0,11.9,1.4,3.1,0.43,0.3,1.2,0.237,1.1,1.9,0.5539999999999999,0.47700000000000004,0.6,0.9,0.636,0.6,1.6,2.3,0.5,0.3,0.3,0.3,1.5,3.6,2210640.0,14.608792624330228
Matthew Dellavedova,PG,29.0,CLE,57.0,4.0,14.4,1.1,3.1,0.354,0.4,1.6,0.231,0.7,1.5,0.488,0.414,0.6,0.6,0.865,0.3,1.0,1.3,3.2,0.4,0.0,1.0,1.4,3.1,2174318.0,14.592225610115305
Solomon Hill,PF,28.0,TOT,59.0,4.0,18.4,1.9,4.7,0.396,1.1,2.9,0.368,0.8,1.8,0.439,0.509,0.7,0.9,0.741,0.5,2.3,2.8,1.8,0.7,0.2,0.9,1.4,5.5,2174318.0,14.592225610115305
Solomon Hill,PF,28.0,MEM,48.0,3.0,18.8,2.0,4.9,0.41200000000000003,1.2,3.1,0.381,0.8,1.8,0.465,0.532,0.5,0.8,0.684,0.5,2.5,3.0,2.0,0.6,0.1,0.8,1.5,5.7,2174318.0,14.592225610115305
Solomon Hill,PF,28.0,MIA,11.0,1.0,17.0,1.3,4.1,0.311,0.6,2.2,0.292,0.6,1.9,0.33299999999999996,0.389,1.3,1.5,0.875,0.5,1.5,1.9,0.9,1.1,0.5,1.0,1.1,4.5,2174318.0,14.592225610115305
Moritz Wagner,C,22.0,WAS,45.0,5.0,18.6,3.2,5.9,0.545,0.6,1.8,0.313,2.7,4.1,0.645,0.5920000000000001,1.7,2.1,0.821,1.2,3.6,4.9,1.2,0.6,0.4,1.5,3.4,8.7,2161920.0,14.586507273721462
Edmond Sumner,SG,24.0,IND,31.0,3.0,14.4,2.0,4.6,0.43,0.5,1.7,0.264,1.5,2.9,0.528,0.479,0.5,0.9,0.552,0.4,1.1,1.5,1.8,0.5,0.3,0.7,1.4,4.9,2160000.0,14.585618779660347
John Konchar,SG,23.0,MEM,19.0,0.0,9.5,1.3,1.9,0.649,0.3,0.5,0.5,1.0,1.4,0.7040000000000001,0.716,0.1,0.1,0.5,0.9,1.5,2.5,1.2,0.4,0.2,0.4,0.4,2.8,2093023.0,14.554119990378748
Landry Shamet,SG,22.0,LAC,53.0,30.0,27.4,3.0,7.4,0.40399999999999997,2.1,5.6,0.375,0.9,1.8,0.495,0.546,1.2,1.4,0.855,0.1,1.8,1.9,1.9,0.4,0.2,0.8,2.7,9.3,2090040.0,14.552693762513831
Mfiondu Kabengele,C,22.0,LAC,12.0,0.0,5.3,1.2,2.7,0.43799999999999994,0.8,1.7,0.45,0.4,1.0,0.41700000000000004,0.578,0.4,0.4,1.0,0.1,0.8,0.9,0.2,0.2,0.2,0.2,0.8,3.5,2075880.0,14.545895718129023
Jordan Poole,SG,20.0,GSW,57.0,14.0,22.4,2.9,8.8,0.33299999999999996,1.3,4.6,0.27899999999999997,1.6,4.2,0.392,0.406,1.7,2.1,0.7979999999999999,0.2,1.9,2.1,2.4,0.6,0.2,1.3,1.6,8.8,2063280.0,14.539807507516436
Bol Bol,PF,20.0,DEN,7.0,0.0,12.4,2.0,4.0,0.5,0.6,1.3,0.444,1.4,2.7,0.526,0.5710000000000001,1.1,1.4,0.8,0.7,2.0,2.7,0.9,0.3,0.9,1.4,1.6,5.7,2058240.0,14.537361806652575
Keldon Johnson,SF,20.0,SAS,17.0,1.0,17.7,3.1,5.2,0.596,0.8,1.3,0.591,2.4,3.9,0.597,0.669,2.1,2.6,0.795,0.6,2.8,3.4,0.9,0.8,0.1,0.8,1.6,9.1,2048040.0,14.532393796200804
Kevin Porter Jr.,SF,19.0,CLE,50.0,3.0,23.2,3.7,8.4,0.442,1.1,3.2,0.335,2.7,5.3,0.506,0.505,1.5,2.0,0.723,0.4,2.8,3.2,2.2,0.9,0.3,1.9,2.7,10.0,2033160.0,14.525101790940152
Robert Williams,C,22.0,BOS,29.0,1.0,13.4,2.2,3.0,0.727,0.0,0.0,0.0,2.2,3.0,0.727,0.727,0.8,1.2,0.647,1.4,3.0,4.4,0.9,0.8,1.2,0.7,1.8,5.2,2029920.0,14.523506941374425
Glenn Robinson III,SF,26.0,TOT,62.0,52.0,28.8,4.6,9.5,0.486,1.2,3.2,0.391,3.4,6.4,0.534,0.552,1.2,1.4,0.86,1.3,3.0,4.4,1.5,0.9,0.3,0.9,1.6,11.7,2028594.0,14.522853500214838
Glenn Robinson III,SF,26.0,GSW,48.0,48.0,31.6,5.1,10.6,0.48100000000000004,1.4,3.5,0.4,3.7,7.0,0.522,0.5479999999999999,1.3,1.5,0.851,1.4,3.3,4.7,1.8,0.9,0.3,1.0,1.7,12.9,2028594.0,14.522853500214838
Glenn Robinson III,SF,26.0,PHI,14.0,4.0,19.3,3.1,6.1,0.518,0.6,1.9,0.33299999999999996,2.5,4.1,0.603,0.5710000000000001,0.8,0.9,0.917,1.1,2.1,3.1,0.8,0.6,0.1,0.4,1.3,7.7,2028594.0,14.522853500214838
Langston Galloway,SG,28.0,DET,66.0,6.0,25.8,3.6,8.2,0.435,2.0,5.0,0.39899999999999997,1.6,3.2,0.493,0.557,1.1,1.3,0.8590000000000001,0.5,1.8,2.3,1.5,0.7,0.2,0.6,1.5,10.3,2028594.0,14.522853500214838
Tyler Johnson,PG-SG,27.0,TOT,39.0,7.0,18.2,2.5,6.4,0.38799999999999996,1.0,3.1,0.319,1.5,3.4,0.45,0.46399999999999997,1.1,1.3,0.84,0.5,1.5,1.9,1.9,0.4,0.2,0.7,1.5,7.0,2028594.0,14.522853500214838
Tyler Johnson,PG,27.0,PHO,31.0,3.0,16.6,2.1,5.5,0.38,0.8,2.7,0.289,1.3,2.8,0.466,0.45,0.8,1.0,0.75,0.3,1.4,1.7,1.6,0.4,0.3,0.8,1.4,5.7,2028594.0,14.522853500214838
Tyler Johnson,SG,27.0,BRK,8.0,4.0,24.3,4.0,9.9,0.405,1.8,4.5,0.389,2.3,5.4,0.419,0.494,2.3,2.3,1.0,1.0,2.0,3.0,3.0,0.5,0.1,0.6,1.9,12.0,2028594.0,14.522853500214838
Jacob Evans,SG,22.0,TOT,29.0,1.0,14.4,1.6,4.6,0.336,0.4,1.3,0.33299999999999996,1.1,3.3,0.337,0.384,0.9,1.0,0.862,0.3,1.1,1.4,1.1,0.4,0.4,0.9,1.4,4.4,2017320.0,14.517280455815104
Jacob Evans,SG,22.0,GSW,27.0,1.0,15.3,1.7,4.9,0.33799999999999997,0.5,1.4,0.342,1.2,3.5,0.337,0.387,0.9,1.1,0.862,0.3,1.2,1.5,1.1,0.4,0.4,0.9,1.5,4.7,2017320.0,14.517280455815104
Jacob Evans,SG,22.0,MIN,2.0,0.0,2.0,0.0,0.5,0.0,0.0,0.5,0.0,0.0,0.0,0.0,0.0,0.0,0.0,0.0,0.0,0.0,0.0,0.0,0.0,0.0,0.0,0.0,0.0,2017320.0,14.517280455815104
Kenrich Williams,PF,25.0,NOP,39.0,18.0,21.3,1.3,3.8,0.34700000000000003,0.6,2.5,0.258,0.7,1.3,0.52,0.43200000000000005,0.2,0.7,0.34600000000000003,1.3,3.5,4.8,1.5,0.7,0.5,0.6,2.3,3.5,2000000.0,14.508657738524219
Damyean Dotson,SG,25.0,NYK,48.0,0.0,17.4,2.5,6.0,0.414,1.2,3.4,0.36200000000000004,1.3,2.6,0.48,0.516,0.5,0.7,0.667,0.2,1.7,1.9,1.2,0.5,0.1,0.4,0.9,6.7,2000000.0,14.508657738524219
Cameron Payne,SG,25.0,PHO,8.0,0.0,22.9,4.1,8.5,0.485,1.9,3.6,0.517,2.3,4.9,0.462,0.596,0.8,0.9,0.857,0.5,3.4,3.9,3.0,1.0,0.3,1.4,2.5,10.9,1977011.0,14.497096666123111
Gary Clark,SF-PF,25.0,TOT,42.0,5.0,13.5,1.3,3.2,0.406,0.9,2.6,0.35100000000000003,0.4,0.5,0.682,0.5529999999999999,0.2,0.2,0.9,0.9,1.7,2.6,0.4,0.1,0.5,0.2,1.1,3.7,1944677.0,14.480606454406013
Gary Clark,PF,25.0,HOU,18.0,0.0,11.8,1.3,3.3,0.39,1.0,2.8,0.353,0.3,0.4,0.625,0.542,0.3,0.4,0.857,0.6,1.6,2.2,0.7,0.1,0.4,0.1,1.2,3.9,1944677.0,14.480606454406013
Gary Clark,SF,25.0,ORL,24.0,5.0,14.8,1.3,3.1,0.419,0.9,2.5,0.35,0.4,0.6,0.7140000000000001,0.561,0.1,0.1,1.0,1.1,1.8,2.9,0.2,0.2,0.6,0.3,1.0,3.6,1944677.0,14.480606454406013
Jahlil Okafor,C,24.0,NOP,30.0,9.0,15.6,3.4,5.4,0.623,0.0,0.1,0.33299999999999996,3.3,5.3,0.629,0.627,1.3,2.1,0.645,1.6,2.6,4.2,1.2,0.2,0.7,1.3,2.2,8.1,1882867.0,14.448306173174474
Raul Neto,PG,27.0,PHI,54.0,3.0,12.4,1.9,4.1,0.455,0.6,1.6,0.386,1.2,2.5,0.5,0.532,0.7,0.9,0.83,0.2,0.9,1.1,1.8,0.4,0.1,0.9,0.9,5.1,1882867.0,14.448306173174474
JaKarr Sampson,PF,26.0,IND,34.0,12.0,13.9,2.0,3.4,0.591,0.1,0.4,0.154,1.9,3.0,0.647,0.6,0.5,0.8,0.667,0.6,2.0,2.6,0.6,0.5,0.4,0.4,1.9,4.6,1882867.0,14.448306173174474
Jerian Grant,SG,27.0,WAS,6.0,0.0,13.3,1.7,4.5,0.37,0.3,1.3,0.25,1.3,3.2,0.42100000000000004,0.40700000000000003,0.8,1.2,0.7140000000000001,0.3,0.7,1.0,1.5,0.2,0.2,0.5,1.8,4.5,1882867.0,14.448306173174474
Frank Kaminsky,C,26.0,PHO,39.0,13.0,19.9,3.5,7.9,0.45,1.1,3.2,0.331,2.5,4.7,0.53,0.516,1.6,2.3,0.6779999999999999,0.9,3.6,4.5,1.9,0.4,0.3,0.9,1.9,9.7,1882867.0,14.448306173174474
David Nwaba,SF,27.0,BRK,20.0,0.0,13.4,1.9,3.6,0.521,0.6,1.4,0.429,1.3,2.2,0.581,0.606,0.9,1.4,0.667,0.4,1.9,2.3,0.4,0.6,0.6,0.4,1.6,5.2,1862250.0,14.437295992038523
Marquese Chriss,PF,22.0,GSW,59.0,21.0,20.3,3.6,6.5,0.545,0.1,0.7,0.205,3.4,5.9,0.584,0.556,2.0,2.6,0.769,1.9,4.3,6.2,1.9,0.7,1.1,1.3,2.1,9.3,1824003.0,14.416544094351904
Timothé Luwawu-Cabarrot,SF,24.0,BRK,47.0,2.0,18.1,2.5,5.7,0.435,1.3,3.4,0.38799999999999996,1.2,2.3,0.505,0.55,1.5,1.7,0.852,0.6,2.1,2.7,0.6,0.4,0.1,0.8,2.3,7.8,1824003.0,14.416544094351904
Georges Niang,PF,26.0,UTA,66.0,1.0,14.0,2.1,4.9,0.43799999999999994,1.4,3.4,0.4,0.8,1.5,0.526,0.578,0.3,0.4,0.833,0.2,1.7,1.9,0.7,0.3,0.1,0.5,1.1,5.9,1783557.0,14.394120242900327
Rodions Kurucs,PF,21.0,BRK,47.0,9.0,14.6,1.7,3.8,0.446,0.7,1.9,0.36700000000000005,1.0,1.9,0.529,0.54,0.5,0.8,0.632,0.5,2.4,2.9,1.1,0.5,0.1,1.0,1.9,4.6,1780152.0,14.392209311880897
Damion Lee,SG,27.0,GSW,49.0,36.0,29.0,4.3,10.4,0.41700000000000004,1.7,4.9,0.35600000000000004,2.6,5.6,0.47100000000000003,0.5,2.2,2.6,0.873,0.7,4.2,4.9,2.7,1.0,0.1,1.4,2.4,12.7,1762796.0,14.382411742830081
Furkan Korkmaz,SG,22.0,PHI,72.0,12.0,21.7,3.4,7.8,0.43,2.0,4.9,0.402,1.4,2.9,0.478,0.557,1.1,1.4,0.755,0.3,2.1,2.3,1.1,0.6,0.2,0.8,1.4,9.8,1762796.0,14.382411742830081
Alfonzo McKinnie,SF,27.0,CLE,40.0,1.0,14.8,1.8,4.3,0.42700000000000005,0.4,1.6,0.215,1.5,2.7,0.557,0.46799999999999997,0.6,0.8,0.71,0.9,1.9,2.8,0.4,0.6,0.2,0.7,1.8,4.6,1762796.0,14.382411742830081
Abdel Nader,SF,26.0,OKC,55.0,6.0,15.8,2.2,4.8,0.46799999999999997,0.9,2.3,0.375,1.4,2.5,0.556,0.5589999999999999,0.9,1.2,0.773,0.3,1.6,1.8,0.7,0.4,0.4,0.8,1.4,6.3,1752950.0,14.376810640963795
Semi Ojeleye,PF,25.0,BOS,69.0,6.0,14.7,1.2,2.8,0.408,0.7,1.8,0.37799999999999995,0.5,1.0,0.46399999999999997,0.531,0.4,0.5,0.875,0.4,1.7,2.1,0.5,0.3,0.1,0.3,1.2,3.4,1752950.0,14.376810640963795
Damian Jones,C,24.0,ATL,55.0,27.0,16.1,2.2,3.2,0.68,0.0,0.2,0.222,2.2,3.1,0.7040000000000001,0.685,1.1,1.5,0.738,1.3,2.4,3.7,0.6,0.5,0.7,0.5,2.7,5.6,1737145.0,14.367753518998853
DeAndre' Bembry,SG,25.0,ATL,43.0,4.0,21.3,2.4,5.3,0.456,0.3,1.5,0.231,2.1,3.8,0.546,0.489,0.6,1.1,0.542,0.8,2.7,3.5,1.9,1.3,0.4,1.4,2.0,5.8,1737145.0,14.367753518998853
Willy Hernangómez,C,25.0,CHO,31.0,0.0,12.1,2.4,4.5,0.532,0.2,0.7,0.22699999999999998,2.2,3.8,0.59,0.55,1.2,1.9,0.627,1.4,2.9,4.3,0.9,0.3,0.2,1.0,1.0,6.1,1727145.0,14.361980314229681
Shake Milton,SG,23.0,PHI,40.0,24.0,20.1,3.4,6.9,0.484,1.5,3.4,0.43,1.9,3.6,0.535,0.588,1.3,1.6,0.785,0.4,1.8,2.2,2.6,0.5,0.2,1.2,2.3,9.4,1701593.0,14.347075429084432
Thanasis Antetokounmpo,SF,27.0,MIL,20.0,2.0,6.5,1.2,2.4,0.5,0.0,0.5,0.0,1.2,1.9,0.632,0.5,0.4,0.9,0.41200000000000003,0.6,0.6,1.2,0.8,0.4,0.1,0.6,0.9,2.8,1701593.0,14.347075429084432
Brandon Goodwin,PG,24.0,ATL,34.0,1.0,12.6,2.2,5.6,0.4,0.8,2.6,0.299,1.5,3.0,0.485,0.46799999999999997,0.8,0.9,0.9329999999999999,0.3,1.8,2.1,1.5,0.4,0.1,0.9,1.3,6.1,1701593.0,14.347075429084432
Wesley Iwundu,SF,25.0,ORL,52.0,21.0,18.3,1.9,4.5,0.41600000000000004,0.5,1.6,0.341,1.3,2.9,0.457,0.47600000000000003,1.5,1.9,0.804,0.5,2.1,2.5,1.2,0.5,0.3,0.5,1.5,5.8,1678854.0,14.333621975757001
Harry Giles,C,21.0,SAC,46.0,17.0,14.5,3.0,5.5,0.5539999999999999,0.0,0.0,0.0,3.0,5.4,0.5579999999999999,0.5539999999999999,0.8,1.1,0.7759999999999999,0.9,3.2,4.1,1.3,0.5,0.4,1.0,2.6,6.9,1678854.0,14.333621975757001
Dwayne Bacon,SG,24.0,CHO,39.0,11.0,17.6,2.2,6.3,0.348,0.5,1.7,0.284,1.7,4.5,0.373,0.387,0.9,1.4,0.66,0.4,2.2,2.6,1.3,0.6,0.1,0.9,1.3,5.7,1678854.0,14.333621975757001
Sindarius Thornwell,SF,25.0,NOP,2.0,0.0,17.5,3.0,5.5,0.545,1.0,2.0,0.5,2.0,3.5,0.5710000000000001,0.636,1.0,2.0,0.5,0.0,2.0,2.0,2.0,0.5,0.5,1.0,1.0,8.0,1678854.0,14.333621975757001
Torrey Craig,SF,29.0,DEN,58.0,27.0,18.5,2.1,4.6,0.461,0.8,2.4,0.326,1.4,2.3,0.603,0.545,0.4,0.6,0.611,1.1,2.2,3.3,0.8,0.4,0.6,0.4,2.3,5.4,1678854.0,14.333621975757001
Sterling Brown,SF,24.0,MIL,52.0,1.0,14.8,1.8,4.9,0.371,0.8,2.6,0.324,1.0,2.3,0.425,0.457,0.6,0.8,0.8,0.6,2.9,3.5,1.0,0.6,0.1,0.8,1.0,5.1,1678854.0,14.333621975757001
Shaquille Harrison,SG,26.0,CHI,43.0,10.0,11.3,1.8,3.8,0.467,0.4,1.0,0.381,1.4,2.9,0.496,0.515,0.9,1.2,0.78,0.5,1.5,2.0,1.1,0.8,0.4,0.4,1.3,4.9,1678854.0,14.333621975757001
Monte Morris,PG,24.0,DEN,73.0,12.0,22.4,3.6,7.8,0.45899999999999996,0.9,2.4,0.37799999999999995,2.7,5.4,0.495,0.517,1.0,1.2,0.843,0.3,1.5,1.9,3.5,0.8,0.2,0.7,1.0,9.0,1663861.0,14.324651363220315
Gary Trent Jr.,SF,21.0,POR,61.0,8.0,21.8,3.2,7.2,0.444,1.8,4.4,0.418,1.4,2.8,0.486,0.5710000000000001,0.6,0.7,0.8220000000000001,0.4,1.2,1.6,1.0,0.8,0.3,0.3,1.5,8.9,1663861.0,14.324651363220315
Hamidou Diallo,SF,21.0,OKC,46.0,3.0,19.5,2.9,6.4,0.446,0.3,1.2,0.281,2.5,5.2,0.485,0.473,0.8,1.4,0.603,1.0,2.7,3.6,0.8,0.8,0.2,1.1,2.2,6.9,1663861.0,14.324651363220315
Mitchell Robinson,C,21.0,NYK,61.0,7.0,23.1,4.1,5.6,0.742,0.0,0.0,0.0,4.1,5.6,0.742,0.742,1.4,2.4,0.568,3.0,4.0,7.0,0.6,0.9,2.0,0.6,3.2,9.7,1663861.0,14.324651363220315
Kendrick Nunn,PG,24.0,MIA,67.0,67.0,29.3,6.0,13.6,0.439,2.0,5.8,0.35,3.9,7.8,0.505,0.514,1.3,1.5,0.85,0.3,2.4,2.7,3.3,0.8,0.2,1.7,2.3,15.3,1663861.0,14.324651363220315
Duncan Robinson,SG,25.0,MIA,73.0,68.0,29.7,4.4,9.4,0.47,3.7,8.3,0.446,0.7,1.1,0.654,0.667,0.9,1.0,0.9309999999999999,0.1,3.0,3.2,1.4,0.5,0.3,1.0,2.6,13.5,1663861.0,14.324651363220315
Sviatoslav Mykhailiuk,SF,22.0,DET,56.0,27.0,22.6,3.0,7.2,0.41,2.1,5.1,0.40399999999999997,0.9,2.1,0.425,0.552,1.0,1.3,0.8140000000000001,0.3,1.6,1.9,1.9,0.7,0.1,1.1,1.6,9.0,1663861.0,14.324651363220315
Jalen Brunson,PG,23.0,DAL,57.0,16.0,17.9,3.2,6.8,0.466,0.8,2.1,0.358,2.4,4.7,0.515,0.522,1.1,1.3,0.813,0.4,2.0,2.4,3.3,0.4,0.1,1.2,1.3,8.2,1663861.0,14.324651363220315
Isaac Bonga,SF,20.0,WAS,66.0,49.0,18.9,1.8,3.5,0.504,0.4,1.1,0.35200000000000004,1.4,2.5,0.5710000000000001,0.5579999999999999,1.0,1.3,0.812,1.1,2.3,3.4,1.2,0.7,0.3,0.9,2.4,5.0,1663861.0,14.324651363220315
Jarred Vanderbilt,PF,20.0,TOT,11.0,0.0,4.2,0.5,0.7,0.625,0.0,0.1,0.0,0.5,0.6,0.7140000000000001,0.625,0.2,0.2,1.0,0.3,0.5,0.8,0.2,0.3,0.1,0.6,0.5,1.1,1663861.0,14.324651363220315
Jarred Vanderbilt,PF,20.0,DEN,9.0,0.0,4.6,0.6,0.8,0.7140000000000001,0.0,0.0,0.0,0.6,0.8,0.7140000000000001,0.7140000000000001,0.0,0.0,0.0,0.3,0.6,0.9,0.2,0.3,0.1,0.8,0.7,1.1,1663861.0,14.324651363220315
Jarred Vanderbilt,PF,20.0,MIN,2.0,0.0,2.5,0.0,0.5,0.0,0.0,0.5,0.0,0.0,0.0,0.0,0.0,1.0,1.0,1.0,0.0,0.5,0.5,0.0,0.0,0.0,0.0,0.0,1.0,1663861.0,14.324651363220315
Devonte' Graham,PG,24.0,CHO,63.0,53.0,35.1,5.8,15.3,0.382,3.5,9.3,0.373,2.4,6.0,0.397,0.495,3.0,3.7,0.82,0.7,2.7,3.4,7.5,1.0,0.2,2.9,1.8,18.2,1663861.0,14.324651363220315
Bruce Brown,PG,23.0,DET,58.0,43.0,28.2,3.4,7.7,0.44299999999999995,0.6,1.7,0.344,2.8,6.1,0.47,0.48,1.5,2.1,0.7390000000000001,1.1,3.7,4.7,4.0,1.1,0.5,1.7,2.8,8.9,1663861.0,14.324651363220315
Drew Eubanks,C,22.0,SAS,22.0,3.0,12.4,2.0,3.0,0.642,0.0,0.0,1.0,1.9,3.0,0.636,0.649,0.9,1.2,0.769,1.3,2.6,3.9,0.7,0.2,0.8,1.0,1.7,4.9,1620564.0,14.298284794767211
Josh Gray,PG,26.0,NOP,2.0,0.0,11.5,0.5,1.0,0.5,0.0,0.0,0.0,0.5,1.0,0.5,0.5,0.0,0.0,0.0,0.5,0.5,1.0,1.0,0.0,0.0,2.5,0.5,1.0,1620564.0,14.298284794767211
Wenyen Gabriel,PF,22.0,TOT,30.0,1.0,7.8,0.7,1.6,0.43799999999999994,0.2,0.7,0.3,0.5,0.9,0.536,0.5,0.5,0.7,0.682,0.7,1.0,1.7,0.3,0.4,0.2,0.5,1.3,2.1,1620564.0,14.298284794767211
Wenyen Gabriel,PF,22.0,SAC,11.0,0.0,5.5,0.5,1.5,0.353,0.1,0.7,0.125,0.5,0.8,0.556,0.382,0.5,0.9,0.6,0.4,0.5,0.9,0.3,0.3,0.2,0.5,0.6,1.7,1620564.0,14.298284794767211
Wenyen Gabriel,PF,22.0,POR,19.0,1.0,9.2,0.8,1.6,0.484,0.3,0.6,0.41700000000000004,0.5,1.0,0.526,0.565,0.5,0.6,0.75,0.9,1.3,2.2,0.3,0.4,0.3,0.6,1.7,2.3,1620564.0,14.298284794767211
Terance Mann,SF,23.0,LAC,41.0,6.0,8.8,0.9,1.9,0.46799999999999997,0.2,0.5,0.35,0.7,1.4,0.508,0.513,0.4,0.7,0.667,0.2,1.1,1.3,1.3,0.3,0.1,0.4,1.1,2.4,1517984.0,14.232893696697712
KZ Okpala,PF,20.0,MIA,5.0,0.0,5.2,0.6,1.0,0.6,0.0,0.2,0.0,0.6,0.8,0.75,0.6,0.2,0.4,0.5,0.2,0.8,1.0,0.2,0.4,0.2,0.2,0.4,1.4,1517981.0,14.232891720390342
Eric Paschall,PF,23.0,GSW,60.0,26.0,27.6,5.3,10.7,0.49700000000000005,0.6,2.2,0.287,4.7,8.5,0.55,0.526,2.7,3.5,0.774,1.4,3.2,4.6,2.1,0.5,0.2,1.6,2.1,14.0,1517981.0,14.232891720390342
Cody Martin,SF,24.0,CHO,48.0,3.0,18.8,1.9,4.3,0.43,0.4,1.6,0.23399999999999999,1.5,2.7,0.546,0.473,0.9,1.4,0.6459999999999999,0.8,2.5,3.3,2.0,0.8,0.2,0.9,1.6,5.0,1517981.0,14.232891720390342
Nicolas Claxton,C,20.0,BRK,15.0,0.0,12.5,1.8,3.2,0.563,0.1,0.5,0.14300000000000002,1.7,2.7,0.634,0.573,0.7,1.4,0.524,1.3,1.7,2.9,1.1,0.1,0.5,0.6,0.9,4.4,1517981.0,14.232891720390342
Carsen Edwards,SG,21.0,BOS,37.0,0.0,9.5,1.1,3.5,0.32799999999999996,0.6,2.1,0.316,0.5,1.4,0.34600000000000003,0.42200000000000004,0.4,0.5,0.684,0.2,1.1,1.3,0.6,0.3,0.1,0.4,0.9,3.3,1517981.0,14.232891720390342
Bruno Fernando,C,21.0,ATL,56.0,13.0,12.7,1.8,3.6,0.518,0.1,0.7,0.135,1.8,2.9,0.605,0.53,0.5,0.9,0.569,1.2,2.3,3.5,0.9,0.3,0.3,0.8,1.9,4.3,1517981.0,14.232891720390342
Luguentz Dort,SF,20.0,OKC,36.0,28.0,22.8,2.4,6.1,0.39399999999999996,0.8,2.8,0.297,1.6,3.3,0.479,0.46299999999999997,1.2,1.5,0.792,0.7,1.6,2.3,0.8,0.9,0.1,0.6,2.7,6.8,1517981.0,14.232891720390342
Admiral Schofield,PF,22.0,WAS,33.0,2.0,11.2,1.1,2.8,0.38,0.6,1.8,0.311,0.5,0.9,0.516,0.484,0.3,0.5,0.667,0.2,1.2,1.4,0.5,0.2,0.1,0.2,1.5,3.0,1517981.0,14.232891720390342
Justin James,SF,23.0,SAC,36.0,0.0,6.4,1.0,2.3,0.41700000000000004,0.3,0.8,0.31,0.7,1.5,0.473,0.47,0.3,0.6,0.47600000000000003,0.2,0.7,0.9,0.5,0.2,0.3,0.2,0.5,2.5,1517981.0,14.232891720390342
Isaiah Roby,PF,21.0,OKC,3.0,0.0,3.7,0.0,0.3,0.0,0.0,0.0,0.0,0.0,0.3,0.0,0.0,0.0,0.0,0.0,0.0,0.7,0.7,0.0,0.0,0.0,0.3,0.3,0.0,1517981.0,14.232891720390342
Ignas Brazdeikis,SF,21.0,NYK,9.0,0.0,5.9,0.7,2.4,0.273,0.1,1.0,0.111,0.6,1.4,0.385,0.295,0.4,0.6,0.8,0.2,0.3,0.6,0.4,0.0,0.1,0.2,0.3,1.9,1517981.0,14.232891720390342
Chris Silva,PF,23.0,MIA,44.0,0.0,7.9,1.1,1.8,0.615,0.0,0.1,0.0,1.1,1.7,0.64,0.615,0.8,1.3,0.6729999999999999,1.4,1.5,2.9,0.5,0.2,0.5,0.7,1.9,3.0,1517981.0,14.232891720390342
Talen Horton-Tucker,SG,19.0,LAL,6.0,1.0,13.5,2.3,5.0,0.467,0.7,2.2,0.308,1.7,2.8,0.588,0.5329999999999999,0.3,0.7,0.5,0.3,0.8,1.2,1.0,1.3,0.2,1.0,1.7,5.7,1517981.0,14.232891720390342
Jalen Lecque,SG,19.0,PHO,5.0,0.0,6.4,0.8,2.0,0.4,0.0,0.8,0.0,0.8,1.2,0.667,0.4,0.4,0.4,1.0,0.0,0.4,0.4,0.4,0.0,0.0,0.4,0.6,2.0,1517981.0,14.232891720390342
Daniel Gafford,C,21.0,CHI,43.0,7.0,14.2,2.2,3.1,0.701,0.0,0.0,0.0,2.2,3.1,0.701,0.701,0.7,1.4,0.5329999999999999,1.2,1.3,2.5,0.5,0.3,1.3,0.7,2.3,5.1,1517981.0,14.232891720390342
Alen Smailagić,C,19.0,GSW,14.0,0.0,9.9,1.4,2.9,0.5,0.2,0.9,0.231,1.2,1.9,0.63,0.5379999999999999,1.1,1.4,0.8420000000000001,0.7,1.2,1.9,0.9,0.2,0.3,0.8,1.0,4.2,1517981.0,14.232891720390342
Matt Thomas,SG,25.0,TOR,41.0,1.0,10.7,1.8,3.7,0.48700000000000004,1.1,2.4,0.475,0.6,1.2,0.51,0.643,0.2,0.3,0.75,0.2,1.3,1.5,0.5,0.2,0.0,0.4,0.9,4.9,1517981.0,14.232891720390342
Miye Oni,SF,22.0,UTA,10.0,1.0,10.9,1.2,3.2,0.375,0.7,1.9,0.368,0.5,1.3,0.385,0.484,0.4,0.5,0.8,0.5,1.2,1.7,0.4,0.4,0.2,0.4,0.9,3.5,1517981.0,14.232891720390342
Terence Davis,SG,22.0,TOR,72.0,4.0,16.8,2.8,6.1,0.456,1.3,3.4,0.38799999999999996,1.5,2.7,0.541,0.564,0.7,0.8,0.8640000000000001,0.7,2.6,3.3,1.6,0.5,0.2,1.1,1.7,7.5,1517981.0,14.232891720390342
Naz Reid,C,20.0,MIN,30.0,11.0,16.5,3.3,8.1,0.41200000000000003,1.1,3.2,0.33,2.3,4.9,0.466,0.47700000000000004,1.2,1.8,0.698,1.1,3.0,4.1,1.2,0.6,0.7,0.7,2.8,9.0,1517981.0,14.232891720390342
Jaylen Nowell,SG,20.0,MIN,15.0,0.0,10.1,1.3,3.5,0.358,0.2,1.7,0.115,1.1,1.8,0.593,0.387,1.1,1.1,0.941,0.2,0.7,0.9,1.3,0.2,0.1,0.2,0.7,3.8,1517981.0,14.232891720390342
Chris Clemons,SG,22.0,HOU,33.0,0.0,8.8,1.7,4.3,0.401,1.1,3.2,0.34600000000000003,0.6,1.1,0.5710000000000001,0.532,0.3,0.3,0.909,0.1,0.8,0.9,0.8,0.3,0.2,0.6,0.8,4.9,1517981.0,14.232891720390342
Mychal Mulder,SF,25.0,GSW,7.0,3.0,29.1,3.7,9.6,0.38799999999999996,2.3,7.4,0.308,1.4,2.1,0.667,0.507,1.3,1.7,0.75,0.4,2.9,3.3,1.1,0.3,0.1,0.7,2.9,11.0,1517981.0,14.232891720390342
Dean Wade,PF,23.0,CLE,12.0,0.0,5.9,0.8,1.1,0.6920000000000001,0.2,0.3,0.5,0.6,0.8,0.778,0.769,0.0,0.1,0.0,0.3,1.3,1.6,0.2,0.2,0.3,0.3,0.7,1.7,1517981.0,14.232891720390342
Jalen McDaniels,SF,22.0,CHO,16.0,0.0,18.3,2.1,4.4,0.47100000000000003,0.6,1.5,0.375,1.5,2.9,0.522,0.536,0.9,1.1,0.8240000000000001,0.9,3.1,4.1,0.8,0.5,0.2,0.7,2.3,5.6,1517981.0,14.232891720390342
Caleb Martin,SF,24.0,CHO,18.0,1.0,17.6,2.1,4.7,0.44,1.1,2.1,0.541,0.9,2.6,0.36200000000000004,0.56,0.9,1.2,0.81,0.6,1.6,2.1,1.3,0.7,0.4,0.8,1.8,6.2,1517981.0,14.232891720390342
Javonte Green,SG,26.0,BOS,48.0,2.0,9.8,1.3,2.6,0.5,0.2,0.7,0.273,1.1,1.9,0.581,0.536,0.6,0.9,0.667,0.5,1.4,1.9,0.5,0.5,0.2,0.5,0.9,3.4,1517981.0,14.232891720390342
J.R. Smith,SG,34.0,LAL,6.0,0.0,13.2,1.2,3.7,0.318,0.2,1.8,0.091,1.0,1.8,0.545,0.341,0.3,0.3,1.0,0.0,0.8,0.8,0.5,0.2,0.0,0.7,0.8,2.8,1456667.0,14.191661507236589
DaQuan Jeffries,SG,22.0,SAC,13.0,0.0,10.8,1.5,3.1,0.5,0.4,1.4,0.278,1.2,1.7,0.682,0.563,0.4,0.5,0.833,0.2,1.2,1.4,0.5,0.3,0.1,0.2,1.5,3.8,1445697.0,14.184102116175062
Zylan Cheatham,PF,24.0,NOP,4.0,0.0,12.8,1.5,2.3,0.667,0.0,0.3,0.0,1.5,2.0,0.75,0.667,0.0,0.0,0.0,0.8,1.5,2.3,0.8,0.3,0.3,1.0,2.5,3.0,1445697.0,14.184102116175062
Isaiah Hartenstein,C,21.0,HOU,23.0,2.0,11.6,1.9,2.9,0.657,0.0,0.2,0.0,1.9,2.7,0.71,0.657,0.8,1.2,0.679,1.3,2.7,3.9,0.8,0.4,0.5,0.7,1.8,4.7,1445697.0,14.184102116175062
Zach Norvell,SG,22.0,TOT,5.0,0.0,8.2,0.6,2.4,0.25,0.6,1.6,0.375,0.0,0.8,0.0,0.375,0.2,0.2,1.0,0.0,1.2,1.2,0.6,0.4,0.0,0.6,0.8,2.0,1445697.0,14.184102116175062
Zach Norvell,SG,22.0,LAL,2.0,0.0,2.5,0.0,0.5,0.0,0.0,0.0,0.0,0.0,0.5,0.0,0.0,0.0,0.0,0.0,0.0,0.5,0.5,0.0,0.0,0.0,0.0,0.0,0.0,1445697.0,14.184102116175062
Zach Norvell,SG,22.0,GSW,3.0,0.0,12.0,1.0,3.7,0.273,1.0,2.7,0.375,0.0,1.0,0.0,0.409,0.3,0.3,1.0,0.0,1.7,1.7,1.0,0.7,0.0,1.0,1.3,3.3,1445697.0,14.184102116175062
Kelan Martin,SF,24.0,MIN,31.0,4.0,16.0,2.3,5.8,0.392,0.8,3.1,0.26,1.5,2.7,0.541,0.461,1.0,1.0,0.968,0.4,2.7,3.1,0.7,0.2,0.3,0.6,1.6,6.4,1445697.0,14.184102116175062
Paul Watson,SF,25.0,TOT,10.0,0.0,8.7,1.0,2.6,0.385,0.4,1.2,0.33299999999999996,0.6,1.4,0.429,0.462,0.7,0.9,0.778,0.2,1.5,1.7,0.8,0.4,0.1,0.3,0.5,3.1,1445697.0,14.184102116175062
Paul Watson,SF,25.0,ATL,2.0,0.0,8.5,0.0,3.5,0.0,0.0,1.5,0.0,0.0,2.0,0.0,0.0,0.0,0.0,0.0,0.0,1.0,1.0,1.5,0.5,0.0,0.0,0.5,0.0,1445697.0,14.184102116175062
Paul Watson,SF,25.0,TOR,8.0,0.0,8.8,1.3,2.4,0.526,0.5,1.1,0.444,0.8,1.3,0.6,0.632,0.9,1.1,0.778,0.3,1.6,1.9,0.6,0.4,0.1,0.4,0.5,3.9,1445697.0,14.184102116175062
Quinn Cook,PG,26.0,LAL,44.0,1.0,11.5,2.1,4.9,0.425,0.7,1.9,0.365,1.4,2.9,0.465,0.498,0.3,0.3,0.7859999999999999,0.3,0.9,1.2,1.1,0.3,0.0,0.8,0.6,5.1,1000000.0,13.815510557964274
Vlatko Čančar,PF,22.0,DEN,14.0,0.0,3.2,0.4,1.1,0.4,0.1,0.4,0.16699999999999998,0.4,0.6,0.556,0.433,0.3,0.3,1.0,0.4,0.4,0.7,0.2,0.1,0.1,0.2,0.5,1.2,898310.0,13.70827049929382
Khyri Thomas,SG,23.0,DET,8.0,0.0,7.6,0.6,2.1,0.294,0.6,1.8,0.35700000000000004,0.0,0.4,0.0,0.441,0.3,0.5,0.5,0.1,0.0,0.1,0.4,0.4,0.0,0.4,1.1,2.1,744684.0,13.520715246306118
Rayjon Tucker,SG,22.0,UTA,20.0,0.0,8.1,1.0,2.2,0.465,0.2,0.9,0.17600000000000002,0.9,1.3,0.654,0.5,1.0,1.2,0.826,0.2,0.9,1.0,0.3,0.1,0.1,0.4,0.5,3.1,340000.0,12.736700896592344
Oshae Brissett,SF,21.0,TOR,19.0,0.0,7.1,0.7,1.9,0.361,0.2,0.8,0.2,0.5,1.1,0.47600000000000003,0.40299999999999997,0.4,0.5,0.8,0.5,0.9,1.4,0.4,0.2,0.1,0.4,0.9,1.9,300000.0,12.611537753638338
Justin Anderson,SG,26.0,BRK,10.0,1.0,10.7,1.0,3.8,0.263,0.6,2.9,0.207,0.4,0.9,0.444,0.342,0.2,0.4,0.5,0.1,2.0,2.1,0.8,0.0,0.6,0.4,1.3,2.8,125000.0,11.736069016284437
Henry Ellenson,C,23.0,BRK,5.0,0.0,3.0,0.2,1.4,0.14300000000000002,0.0,0.8,0.0,0.2,0.6,0.33299999999999996,0.14300000000000002,0.0,0.0,0.0,0.4,0.8,1.2,0.2,0.0,0.0,0.0,0.2,0.4,50000.0,10.819778284410283
